id,nombre,edad,genero,nivel_educativo,fecha_registro,eps,peso_kg,estatura_cm
1,EKmsoREOMU,33,Femenino,Primaria,2025-03-20,Sanitas,79.6,151
2,TLnqfhrXlP,66,Masculino,,2011-02-18,Sanitas,63.5,162
3,JlvXrkxhDN,26,Femenino,Universitaria,2021-03-05,Sanitas,74.5,159
4,yLxahxzvwb,48,Masculino,Técnica,2010-06-26,Sanitas,92,165
5,QWCGDEecZw,52,Femenino,Universitaria,2015-06-20,Sanitas,63.3,164
6,tpQWTuwgHN,13,Femenino,Técnica,2017-05-28,,54.8,170
7,PVOgBRgVdb,50,Masculino,Secundaria,2016-06-08,Sura,45.4,143
8,ysNDXARTZf,16,Masculino,Posgrado,2017-03-27,Sanitas,34,166
9,ZchwUqbWzr,68,Femenino,Posgrado,2015-12-10,Sanitas,91.6,-10
10,cpczopGUik,61,Femenino,Técnica,2015-07-27,Sanitas,48,173
11,NGUOnpqkmQ,71,No responde,Posgrado,2022-02-16,Sura,106.6,162
12,nORjwwkrln,49,Masculino,Técnica,2015-04-20,,79.4,168
13,ACIjVpqaZE,85,Femenino,Primaria,2014-12-13,Sanitas,77.7,166
14,xRwlDjPxLx,44,Femenino,Secundaria,2017-12-27,Coomeva,100.5,177
15,WMZWCewzZu,8,Masculino,Posgrado,2017-08-23,Sanitas,61.8,149
16,fwXGKzHjee,31,Masculino,Secundaria,2019-05-26,Sura,81.4,165
17,HiRcyEbUnz,61,No responde,Primaria,2025-01-25,Nueva EPS,65.7,147
18,pdDJqZdmVw,94,Femenino,Universitaria,2025-04-26,Coomeva,79.7,177
19,QsNFvpvjMJ,30,Masculino,Secundaria,2013-05-31,Nueva EPS,60.4,154
20,YPpUkDttWd,61,Masculino,Secundaria,2025-07-25,Sanitas,82.4,146
21,cjqDYJbfCN,72,Femenino,Secundaria,2023-09-26,Coomeva,73.8,179
22,tIEoPLSFhC,99,Masculino,Secundaria,2012-12-24,Sanitas,109.5,148
23,KiWQGJbGpN,17,Femenino,Universitaria,2018-07-20,Nueva EPS,68.7,191
24,rJpzuvDsHa,50,Femenino,Primaria,2020-03-20,Sura,95.1,158
25,USNhpzgruR,82,Masculino,Universitaria,2016-10-14,Sura,86.3,171
26,GUefFUgBhM,2,Masculino,Posgrado,2017-06-18,Sanitas,57.6,153
27,aitAQsLyFA,77,Masculino,Universitaria,2011-10-26,Coomeva,78.2,159
28,HgAARGLNWj,46,Masculino,Primaria,2023-03-16,Sanitas,53.7,179
29,KdWbvOvLGZ,55,Masculino,Secundaria,2014-07-30,Nueva EPS,76.8,187
30,obwhDluNJr,34,Femenino,Secundaria,2019-12-15,Sanitas,75.4,161
31,uDWiQgDFSu,51,Femenino,Primaria,2010-11-04,Sura,94.4,165
32,HutjeQFWnt,78,Masculino,Técnica,2013-08-14,Sanitas,95.3,159
33,ZDHmHDccnE,35,Masculino,Secundaria,2020-03-25,Sanitas,32.7,171
34,GGyzYRAldJ,0,Masculino,Posgrado,2015-10-31,Sanitas,85.9,168
35,MIpktIgUDg,93,Masculino,Primaria,2023-03-14,Sanitas,88,188
36,TtEiIsAjqQ,9,Masculino,Técnica,2017-11-11,Sura,75.9,168
37,EIOegqVFsX,56,Femenino,Universitaria,2017-09-05,Nueva EPS,76.6,175
38,XTsWsnTbrs,95,Femenino,Técnica,2013-03-14,Nueva EPS,92.6,170
39,MuqaulncQB,17,Femenino,Posgrado,2020-01-25,Coomeva,49.8,153
40,uAVqHefCQP,21,Femenino,Universitaria,2015-07-17,Nueva EPS,63.8,167
41,gTsYZQRxYC,45,Femenino,Primaria,2013-10-09,Sura,75.4,161
42,HnOacpbNmW,58,Masculino,Técnica,2015-12-08,Nueva EPS,60,161
43,tQmwnGPBai,70,Masculino,Universitaria,2020-07-16,Nueva EPS,63.5,164
44,vOrSjncLpA,79,Femenino,Secundaria,2019-02-11,Sura,65.6,169
45,CmvRRJJlPx,77,No responde,Primaria,2016-12-06,Nueva EPS,73.9,155
46,lWkbDxvtmq,95,Masculino,Técnica,2021-01-31,Sura,57.5,165
47,xrMBqLbVWA,45,Masculino,Universitaria,2020-09-25,Sura,63.2,168
48,mOLYmyyrGq,,Femenino,Técnica,2011-05-26,Sanitas,59.7,149
49,ymKjHUoqKB,30,Masculino,Universitaria,2012-05-18,Sanitas,56.6,155
50,BVrgiUHHnC,99,Femenino,Primaria,2020-10-19,Sura,72.4,192
51,UKbkfvFIYD,72,Masculino,Técnica,2015-04-30,Sanitas,73.5,158
52,SMFXVPRRhF,4,Masculino,Secundaria,2016-12-28,Sura,47.1,160
53,sTOiiyxAqn,39,Femenino,Técnica,2011-02-04,Sura,27.9,170
54,XfIQxHfRpn,84,Femenino,Primaria,2016-08-27,Sura,58.6,161
55,AudgBuxojz,87,Masculino,Secundaria,2010-01-12,Sura,73.8,147
56,XwpLZiGxab,44,Femenino,Posgrado,2014-09-02,Nueva EPS,71.9,171
57,plaWxOcMzS,13,Masculino,Técnica,2018-03-10,Sura,78.5,159
58,OWMEYjIxMp,37,Masculino,Universitaria,2017-07-01,Sanitas,72.7,158
59,IqmrprdtLg,78,Femenino,Técnica,2022-11-07,Sura,57.6,181
60,gpYFKGSxuI,35,Femenino,Universitaria,2021-04-17,Sura,42.9,
61,GviyMqzVUr,59,Masculino,Universitaria,2015-06-15,Sura,86.4,155
62,fxHvEQurWU,51,Masculino,Primaria,2024-10-28,Sanitas,64.4,182
63,UYpxctjpjw,81,Masculino,Primaria,2012-07-31,Sura,57.9,153
64,hhrLcpoTyb,62,Femenino,Universitaria,2013-07-06,Coomeva,70.2,162
65,YoTLmwUPuf,97,Femenino,Secundaria,2016-10-22,Sanitas,86.1,164
66,ddMubvkBgI,75,Femenino,Universitaria,2015-07-29,Coomeva,74.1,170
67,toUUtLMtzl,82,Masculino,Técnica,2014-02-12,Sanitas,66.4,171
68,JfyEgGGzTd,67,Femenino,Secundaria,2025-03-31,Sura,69.9,180
69,XRSYNzwmDg,5,No responde,Universitaria,2011-03-27,Nueva EPS,51.3,180
70,WHcBLfgUdm,94,Masculino,Posgrado,2024-12-23,Sura,55.8,143
71,xBchQqvrwF,15,Femenino,Universitaria,2013-05-08,Sanitas,,166
72,ienvqRpShE,91,Femenino,Posgrado,2023-07-23,Nueva EPS,79.8,156
73,pgqhNspHot,51,Masculino,Primaria,2014-04-06,Sanitas,65,150
74,KFavOINyGg,24,Masculino,Universitaria,2012-01-16,Sura,82.1,173
75,fECRoZyUWY,49,Femenino,Universitaria,2021-01-16,Nueva EPS,91.2,168
76,WHsOQtfujD,82,Femenino,Universitaria,2022-09-10,Sanitas,76.6,176
77,FvxbTCEjgd,62,Femenino,Posgrado,2022-05-03,Nueva EPS,74.4,177
78,UkqQmcXcHm,49,Femenino,Primaria,2016-10-26,Sura,45.2,166
79,IfKZiJFAwt,56,Femenino,Primaria,2012-05-10,Sura,86.5,165
80,ZQJkkfaFDj,59,Femenino,Primaria,2011-03-28,Sanitas,68.8,159
81,nsRVZDJJZp,36,Masculino,Primaria,2025-03-10,Sanitas,37.4,168
82,vKpDsdxcrH,98,Femenino,Universitaria,2013-03-20,Sura,94,156
83,DFxNxeUgzT,,Femenino,Primaria,2014-04-24,Coomeva,81.5,150
84,eCiyArIJMF,14,Masculino,,2024-11-05,,61.4,151
85,RkNqbQUfqU,73,Femenino,Primaria,2017-10-21,Sura,53.2,132
86,cjMVhcoGHf,12,Masculino,Técnica,2024-01-04,Sura,71,146
87,jcuFrLwBqD,7,Masculino,Posgrado,2017-05-08,Sanitas,23.7,171
88,kJWEbPanZY,,Femenino,Universitaria,2018-05-29,Sura,78.7,160
89,ydlTidQycM,44,Masculino,Posgrado,2018-03-23,Sura,,163
90,vpwxcvSQrs,44,Femenino,Primaria,2010-03-10,Nueva EPS,61.4,176
91,OKsferKBWg,65,Femenino,Secundaria,2011-06-24,Nueva EPS,44.9,159
92,jgjrXBkBbc,38,Femenino,ninguna,2021-04-10,Sanitas,66.9,176
93,pYzTvSMkNT,63,Femenino,Universitaria,2019-07-02,Sura,61,165
94,WoqDzyzpEN,14,Masculino,Técnica,2013-10-09,,53.4,176
95,GrgqHlYRke,91,Femenino,Primaria,2016-01-22,Sanitas,85.5,160
96,wYjTIoHRzi,94,Femenino,Técnica,2012-07-13,Coomeva,73.1,183
97,uSmQAbhIJz,98,Femenino,Primaria,2020-03-29,Nueva EPS,65.7,154
98,fjoacHXfTM,2,Femenino,Técnica,2016-04-09,,61.2,172
99,KXHZOVliWp,80,Masculino,Universitaria,2011-09-12,Sura,86.7,165
100,XlxicZPUTG,58,Femenino,Técnica,2018-01-05,,56.4,155
101,dWShOKugFH,73,Femenino,Posgrado,2022-03-31,Sanitas,45.5,161
102,GZLLeVBmnA,21,Femenino,Técnica,2016-06-06,Sanitas,76.2,169
103,ZyIcPtQuyP,18,Masculino,Universitaria,2020-10-08,Nueva EPS,67.2,157
104,tfImAfhtEe,92,Femenino,,2010-02-09,Sura,49,157
105,trtQKuiToD,18,Masculino,Primaria,2014-06-06,Sanitas,46.1,169
106,rOeuwylgBx,16,Femenino,Técnica,2016-02-08,Sanitas,59,156
107,lblKYDbSPl,68,Femenino,Secundaria,2016-09-28,Sanitas,73.9,184
108,VpsYGAkXDc,54,Femenino,Primaria,2019-06-13,,64.4,162
109,dRszYdKNVb,84,Masculino,Posgrado,2017-12-05,Nueva EPS,74.6,138
110,muXpZcFmCa,42,Masculino,Técnica,2013-03-29,Sanitas,51.6,170
111,xAfytpePrf,88,Masculino,,2020-01-11,Sura,51.2,166
112,YxAbUwthrt,42,Masculino,Universitaria,2022-12-06,,68.2,181
113,cBNqoHvuln,46,Femenino,Universitaria,2010-10-22,Sanitas,69.6,174
114,bzRHSpIzBH,61,Otro,Universitaria,2016-05-05,Nueva EPS,67.8,179
115,HgRkvVjVjd,88,Masculino,Secundaria,2016-07-15,Sura,62.4,169
116,JaPxgDkKQM,3,Femenino,Primaria,2021-11-11,Sura,59.5,159
117,pmeUYDMVJQ,75,Masculino,Posgrado,2011-01-23,Sanitas,65.5,159
118,WEFWnbusrl,33,Masculino,,2012-07-29,Sanitas,58.6,149
119,UocZmurlqs,90,Femenino,Universitaria,2021-05-11,Sura,82.9,152
120,ybyKjlevhR,20,Masculino,Primaria,2024-01-15,Sanitas,60.2,173
121,XLhCJoNLtP,56,Masculino,Universitaria,2012-02-11,Sanitas,66.3,160
122,UVOLzGhZES,50,Masculino,Secundaria,2018-12-19,Nueva EPS,54.7,165
123,sUDiaRXUoi,19,Masculino,Universitaria,2012-01-31,Sura,68.5,179
124,oFJbxuQVUH,100,Masculino,,2010-08-11,Nueva EPS,80.3,164
125,ADPuGGvfbN,79,Femenino,,2020-10-23,Sura,82.6,154
126,VfOPZIpLQh,20,Masculino,Universitaria,2012-05-19,Sura,93.1,179
127,BzFubsLytE,1,Femenino,Secundaria,2019-04-02,Nueva EPS,88.4,174
128,nHAEClWVSK,88,Masculino,Técnica,2022-05-10,Sura,47.8,164
129,tFJqSMTRyp,12,Femenino,Técnica,2013-05-05,Sanitas,65.3,172
130,DVgxSokeZT,41,Masculino,Técnica,2010-11-06,Sura,92.7,165
131,snsWmQwnhQ,28,Masculino,Secundaria,2016-06-05,Sura,53.7,167
132,uRZchvfpqx,47,Masculino,,2018-03-16,Sura,75,175
133,KQqiTWCHEz,30,Femenino,Primaria,2020-02-27,Nueva EPS,47.8,146
134,nIjYMlgAYg,34,Masculino,Universitaria,2011-01-30,Nueva EPS,78.6,163
135,NbaeDLVqGu,38,Femenino,Universitaria,2024-05-02,Sura,76.5,167
136,rdzwsQqhje,100,Femenino,Técnica,2013-04-26,Sura,88.5,172
137,blKrTumnFv,13,Masculino,Posgrado,2011-06-01,Sanitas,56.5,155
138,GJYcNKfIFf,32,Masculino,Técnica,2023-01-29,Coomeva,44.5,152
139,USYtByKAOy,81,Femenino,Secundaria,2024-05-13,Nueva EPS,50.1,151
140,XqgJekRWpy,75,Femenino,Técnica,2015-10-23,Coomeva,80.4,163
141,pgKjJizZdp,33,Masculino,Secundaria,2015-10-19,Nueva EPS,84.4,151
142,IDDeLrVHwY,7,Femenino,Secundaria,2024-12-13,Nueva EPS,63.5,157
143,rSrcHiWfoT,93,Masculino,Técnica,2010-05-25,Sanitas,64.9,163
144,jbPvsxwhFS,55,Femenino,Técnica,2024-10-22,Coomeva,75.3,175
145,NghVmfbrqX,40,Masculino,Universitaria,2014-01-22,Sura,68.3,143
146,PQHjeVacfX,62,Masculino,Secundaria,2022-09-16,Sanitas,74.1,166
147,CxswXGJRVM,48,Femenino,Técnica,2012-07-24,Nueva EPS,79.2,169
148,FIcYjerHYf,66,Femenino,Secundaria,2015-03-11,Coomeva,46.6,172
149,opVbtOHDNh,95,Masculino,Secundaria,2017-12-07,Sura,56.2,166
150,xJDmhNLcRa,45,Masculino,Universitaria,2012-10-07,Coomeva,64.6,157
151,YveNCNsrqO,20,Masculino,Secundaria,2014-06-10,Sanitas,47.4,162
152,BxspNgZoEE,35,Masculino,ninguna,2017-05-14,Nueva EPS,98.8,160
153,iLuzhhyMhF,59,Masculino,Secundaria,2013-06-25,Coomeva,61.3,193
154,qxzfCTTAYr,50,Masculino,Primaria,2021-01-15,Sura,69.1,178
155,zILEDRULvG,24,Masculino,Secundaria,2024-04-06,Nueva EPS,74.4,184
156,duxWaTORqu,90,Femenino,Secundaria,2013-10-15,Sura,54.9,173
157,QuzWbAbBjS,19,Femenino,Posgrado,2013-02-20,Coomeva,45.4,159
158,ccenaaGkQD,81,Masculino,Técnica,2011-01-13,Sura,63.6,164
159,AElTRUGGvU,92,Femenino,Primaria,2010-04-14,Sura,74.4,157
160,XSNtTUYdIq,19,Masculino,Secundaria,2011-10-11,,90.4,250
161,iiwBxBeUWg,64,Masculino,Técnica,2025-04-06,Sura,97.7,186
162,XefBEjzyje,14,Femenino,Técnica,2025-07-27,Sanitas,37,185
163,tYXPXYCRsa,39,Femenino,Técnica,2020-05-02,,63.2,165
164,UgTRLvwveP,68,Femenino,Secundaria,2019-12-29,Nueva EPS,60.5,163
165,eFgwNPvMLK,57,Femenino,Secundaria,2011-07-23,Nueva EPS,56.1,154
166,xxsIAtYdXA,24,Masculino,Universitaria,2015-02-25,Nueva EPS,87.6,155
167,KYNGAtIdjg,56,No responde,Universitaria,2025-01-02,Sura,56.8,155
168,zqpccNnmOL,8,Masculino,Universitaria,2012-02-01,Nueva EPS,53.5,140
169,DQamTtrvHS,98,Masculino,,2025-02-22,Sura,48.9,161
170,ZEibSeomuA,95,Masculino,Universitaria,2024-05-15,Coomeva,93,167
171,zOxeCPmqdW,78,Femenino,Primaria,2010-02-16,Nueva EPS,50.7,182
172,IIEEVUHXFT,91,Femenino,Universitaria,2022-06-09,Sura,89.4,163
173,oEECCHAyTA,62,Femenino,Técnica,2024-03-11,Sura,77.4,176
174,vZhJvZpVUF,60,Femenino,,2013-05-21,,73.6,151
175,dVkVGBEoES,19,Femenino,Posgrado,2019-03-27,Nueva EPS,59.3,157
176,eWUCmzVgCV,15,Femenino,Universitaria,2013-06-12,Nueva EPS,99.8,157
177,iFEsMiGaEn,47,Masculino,Universitaria,2011-11-26,Sura,68.2,180
178,bJODTfcxpu,55,Masculino,Universitaria,2024-05-25,Nueva EPS,69.6,167
179,xEVBLcsXyl,38,Femenino,Secundaria,2011-01-14,Sura,73.9,160
180,MlJelKpknY,80,Masculino,Técnica,2023-05-14,Sura,81.7,163
181,LoBSdLRmtg,,Femenino,Primaria,2010-01-17,Sura,68.2,152
182,KJpsqPURyC,64,Femenino,Universitaria,2025-07-03,Sura,78,164
183,ENZlgDbARs,24,Femenino,Universitaria,2021-04-06,Sanitas,81.2,158
184,phdKPkGtaX,39,Masculino,Secundaria,2015-03-28,Nueva EPS,61.6,165
185,VTIVqXJvcP,33,Femenino,Técnica,2020-07-24,Coomeva,64,176
186,tbGXlvDsWA,64,Femenino,Universitaria,2024-06-08,Sura,66.1,167
187,nXZRgKTJjQ,64,Femenino,Universitaria,2014-11-04,Coomeva,91.4,169
188,SaidSshbco,10,Masculino,Técnica,2011-02-08,Sanitas,67.8,168
189,ihohsXRVCQ,85,Masculino,Universitaria,2017-05-19,Sanitas,79.4,161
190,iwvruBVXMW,100,Femenino,Secundaria,2013-01-07,Sura,81,174
191,oytIhLyOXH,70,Femenino,Posgrado,2013-04-23,Sura,73.8,175
192,YJkzErFrdU,,Femenino,Secundaria,2017-12-17,Sura,27.4,161
193,JVmbXHoXqL,18,Masculino,Universitaria,2017-09-07,Sanitas,53.4,175
194,oVMOTmIMnT,58,Femenino,Posgrado,2017-11-17,Nueva EPS,63.6,164
195,hGwhkiCfDb,72,Masculino,Secundaria,2012-08-10,Nueva EPS,70.7,190
196,fHfCrSgiJb,78,Femenino,Primaria,2023-01-02,Nueva EPS,50.3,167
197,yAuSYJDlcB,30,Masculino,Universitaria,2011-07-15,Sura,51.5,169
198,VvifSJZoVj,65,Femenino,Universitaria,2013-01-10,Sanitas,68.8,155
199,iAbGxuptIM,66,Masculino,Universitaria,2010-05-02,,60.2,154
200,TWxXOJffuP,11,Masculino,Universitaria,2014-06-30,Sanitas,66.4,166
201,WGagjuCUzL,56,Masculino,Primaria,2018-12-22,Sura,76.3,160
202,OBGojRojka,13,Femenino,Secundaria,2022-02-20,Sura,100.8,162
203,NzQVnUBMxb,8,Femenino,Universitaria,2012-06-11,Sura,54.7,161
204,uOCgfUJVKa,20,Masculino,Técnica,2017-11-25,Sura,56.3,163
205,CDFGpUNLLE,37,Femenino,Secundaria,2010-02-09,Nueva EPS,72.8,176
206,GMnJnEPLRp,12,Masculino,Universitaria,2013-05-06,Sanitas,71.8,171
207,jrIGsmbZQV,98,Femenino,Primaria,2015-12-14,Sura,75.2,163
208,pfYKiCzxiE,70,Femenino,Secundaria,2025-02-15,Nueva EPS,52.6,136
209,hdXgqhjGGm,63,Femenino,Secundaria,2020-03-05,Sanitas,62.7,
210,MHdfZFkPPB,21,Femenino,Posgrado,2010-09-04,Nueva EPS,71.4,177
211,ujcbVPwEvS,15,Masculino,Universitaria,2016-07-27,,77.1,185
212,tjPkvxQFov,42,Masculino,Posgrado,2015-08-16,Sanitas,79.2,146
213,ZOlRKBROvF,84,Femenino,Secundaria,2012-05-26,Nueva EPS,71.7,165
214,SeYCFqyjPQ,62,Masculino,Primaria,2024-11-18,Nueva EPS,300,167
215,daSMrVxqxa,50,Femenino,Secundaria,2012-08-04,Nueva EPS,65,168
216,wCZNZcHiYy,92,Femenino,Técnica,2020-09-18,Sura,79.8,171
217,yqqbxzgbpc,39,Femenino,Técnica,2018-05-03,Sanitas,88.6,168
218,VYVtwAUNoI,,Masculino,Secundaria,2022-03-07,Sura,70.3,167
219,kWzhcofhII,8,Femenino,Universitaria,2011-06-21,Sanitas,46.1,153
220,sLIOJnqHUh,90,Femenino,Secundaria,2019-08-25,Nueva EPS,65.6,149
221,xDlfiQlKPH,43,Masculino,Universitaria,2018-02-25,Coomeva,53.1,158
222,joZvEzpeoL,73,Femenino,Universitaria,2017-11-23,Nueva EPS,68,169
223,PFTdLElLKP,2,Masculino,Secundaria,2025-02-02,Coomeva,70.7,174
224,wXaUEXMjLE,35,Femenino,Técnica,2020-05-31,Sanitas,86,163
225,jmWHHpnTWn,68,Femenino,Primaria,2020-07-05,Sura,58.8,149
226,fgXOaSxRwQ,43,Masculino,Secundaria,2019-05-21,Nueva EPS,76.7,164
227,txsIxjpnPI,97,Femenino,ninguna,2023-08-13,,86.1,160
228,XPMbWwMppP,43,Masculino,Secundaria,2022-07-22,Sura,85.2,159
229,nLVjweZtVr,33,Femenino,Universitaria,2013-11-06,Coomeva,73.1,168
230,rLDbvacbHK,12,Masculino,Secundaria,2020-04-10,Sura,77.4,161
231,gQfCHrMQYx,39,Femenino,Universitaria,2025-01-27,Sura,77.7,165
232,gqLFMkynPc,,Femenino,Universitaria,2021-07-17,Sanitas,76.6,190
233,clQdIvisXU,27,Masculino,Secundaria,2024-07-18,Sura,102.5,174
234,DGPVJcJMpW,37,Femenino,Secundaria,2017-05-10,Sanitas,63.5,159
235,xUSnTLdGtr,,Masculino,Secundaria,2016-11-14,Sura,50.6,159
236,GmZfdrIEZl,96,Femenino,Primaria,2014-10-01,Coomeva,84.4,188
237,SNcPdWJHuV,1,Femenino,Primaria,2021-05-19,Sura,60.7,167
238,GLIQmbmxdh,52,Masculino,Primaria,2024-06-10,Sura,68.5,150
239,BjukwkOTHI,99,Masculino,Técnica,2019-08-05,Nueva EPS,72.3,164
240,gSqEDTBSPo,34,Femenino,Secundaria,2014-10-22,Sanitas,93.7,152
241,SIseZrlvzq,85,Femenino,Universitaria,2025-03-02,Nueva EPS,89.7,149
242,ialkLsibUx,90,Masculino,Universitaria,2016-01-10,Sura,69.3,166
243,uryFNbVPaQ,43,Femenino,Universitaria,2016-04-29,Nueva EPS,61.3,153
244,aFMfeJOdQq,91,Femenino,,2011-04-16,Sura,51.8,150
245,LHEJaueRSh,,Femenino,Primaria,2017-08-14,Sura,71,156
246,cNcWjfZrVk,8,Masculino,Técnica,2024-09-30,Nueva EPS,81.7,175
247,kjoMvOPCrN,40,Masculino,Universitaria,2012-07-04,Sura,131.9,166
248,CaVARqUySo,20,Masculino,Técnica,2024-12-08,Sanitas,75.3,167
249,gNoKHJTPFY,24,Masculino,Secundaria,2021-10-03,,76.1,166
250,OtWaPEueHN,65,Femenino,,2020-07-06,Coomeva,75.5,164
251,udgcjLtxsl,96,Femenino,Primaria,2024-08-19,Sura,91.9,171
252,tZqlGBekiZ,27,Femenino,Secundaria,2011-10-13,Sura,62.9,151
253,iqiLRwnbBO,2,Masculino,Universitaria,2011-01-08,Nueva EPS,80.4,174
254,OpchJUtQzN,6,Femenino,Secundaria,2018-05-26,Sanitas,81.8,166
255,CKocxHBKDD,63,Femenino,Primaria,2010-05-04,Sura,,162
256,JBfUiJKIpt,34,Masculino,Posgrado,2020-06-16,,100.5,152
257,GuqArXItHB,,Femenino,Universitaria,2010-08-16,Sura,95.6,150
258,kKaPSbsmMz,44,Femenino,Técnica,2021-12-13,Sanitas,87.6,174
259,iuPrbXDftJ,10,Femenino,Primaria,2011-10-17,Coomeva,86.6,174
260,hdBAKjqyuq,37,Masculino,Universitaria,2013-03-28,Nueva EPS,71.7,178
261,mWYcqHlxDY,,Femenino,Posgrado,2015-02-03,Coomeva,89.7,182
262,YIIilLFExF,14,Femenino,Universitaria,2022-12-18,Sura,87,176
263,WTGdovgkDY,84,Masculino,Primaria,2018-11-04,Sura,51.3,162
264,fatwnzrnUw,94,Masculino,Secundaria,2020-02-08,Sura,91.3,
265,eHmMFMLRqW,64,Masculino,Técnica,2024-12-01,Sanitas,67.6,165
266,SqnszdRCdg,4,No responde,Primaria,2013-07-27,Sanitas,70.2,153
267,dBQOZBVuxE,37,Femenino,Universitaria,2011-11-12,Sanitas,59,146
268,oMRcyJvCwE,22,Femenino,Técnica,2023-03-02,Nueva EPS,49.9,171
269,rYKOiBubSx,10,Masculino,Secundaria,2016-09-03,Sura,62.4,153
270,EJRzFNtYVP,23,Masculino,Posgrado,2025-03-12,Nueva EPS,81.6,163
271,XlHGbCfrhl,34,Femenino,Universitaria,2015-08-09,Sura,57.2,163
272,UHDDNclqhp,2,Masculino,Técnica,2024-08-01,Sura,67.7,159
273,okmaQQgSXX,49,Masculino,Técnica,2023-04-20,Sura,52.8,175
274,anGxwsSidT,50,Femenino,Técnica,2023-03-22,Nueva EPS,76.1,166
275,vZzmPmiUqp,2,Femenino,Técnica,2018-10-15,Sura,71.7,187
276,zXBBybeoVd,21,Femenino,Universitaria,2015-02-18,Sanitas,61.1,172
277,RxPthYRCxC,48,Femenino,Técnica,2011-04-30,Sanitas,41.2,148
278,XzPEGVzCCZ,26,Masculino,Primaria,2014-01-13,Sanitas,50.7,166
279,sftoTtTNgV,56,Masculino,Secundaria,2023-06-18,Sura,67.8,168
280,hhAOLZArhx,4,Masculino,Secundaria,2019-06-28,Nueva EPS,98.3,169
281,yWUiXjOdDi,90,Femenino,Primaria,2013-05-11,Coomeva,57.8,168
282,EBIhIqcPjn,55,Masculino,Universitaria,2016-08-28,Sanitas,44.4,167
283,hbeCrEzNOQ,,No responde,Secundaria,2024-10-31,,63.1,173
284,hCyDExquDg,,Masculino,Secundaria,2020-08-30,Sura,57,159
285,HdCTRVmWgQ,96,Masculino,Técnica,2011-06-17,Sanitas,69.2,147
286,MFjiBITplz,9,Femenino,Primaria,2017-12-03,Nueva EPS,66.7,155
287,RheikjvsWo,22,Masculino,Universitaria,2014-11-24,Sanitas,102.2,169
288,sXvBUxDyAU,72,Femenino,Posgrado,2023-06-18,Sura,67,171
289,gQBQrinyXW,96,Otro,Universitaria,2018-10-05,Sanitas,81.6,183
290,LZkxFWoTUj,75,Masculino,Primaria,2020-06-01,Nueva EPS,58.4,172
291,hRhpRqNtoN,91,Femenino,Técnica,2011-08-24,Sura,84.6,160
292,sNvYkmXtUW,3,Femenino,Secundaria,2018-06-10,Nueva EPS,58.7,171
293,TlVkEgwKjX,0,Femenino,Universitaria,2013-07-14,Coomeva,49.8,169
294,oXUCQVZQzz,64,Femenino,Técnica,2018-04-06,Nueva EPS,57.6,176
295,seRqLkrNFi,54,Femenino,Técnica,2025-03-19,Sura,50.7,166
296,oJpvNMWEoV,34,Masculino,Técnica,2011-09-14,Sura,84.6,174
297,jEupUjBCpd,67,Femenino,Posgrado,2019-04-06,Sura,56.8,152
298,FhxNwFCeGs,98,Femenino,Técnica,2020-12-30,Sanitas,86.5,173
299,UQFRAqgxaO,100,Masculino,Técnica,2015-06-15,Nueva EPS,87,166
300,zxAKTXVrDi,84,Masculino,Secundaria,2021-03-04,Sanitas,58.1,157
301,IXnrWEQtJK,20,Masculino,Universitaria,2013-02-07,Sanitas,78.2,183
302,lmpupEjesr,93,Masculino,Secundaria,2017-04-10,Coomeva,70.6,157
303,pRSaocKAZN,20,Masculino,Universitaria,2021-08-19,Nueva EPS,59.7,162
304,vwXNkranqS,1,Femenino,Técnica,2013-01-24,Nueva EPS,53.5,151
305,fVlBFBbNNb,58,Masculino,Secundaria,2016-01-08,Sura,64.9,162
306,RynQVGnMUX,44,Femenino,,2015-02-16,Nueva EPS,90.3,155
307,RrFbfhjGRN,10,Femenino,Secundaria,2013-06-11,,77.4,153
308,sUyQVlHhMm,15,Masculino,Posgrado,2024-10-27,Sanitas,65.2,158
309,ghVcJLNnfN,55,Femenino,ninguna,2017-12-10,Coomeva,89.1,163
310,UqRIMczEtT,62,Femenino,Técnica,2025-06-12,Sanitas,72.2,179
311,TKPcaKtnzj,41,Femenino,Técnica,2016-12-11,Sura,79.7,159
312,SdrhokOuzG,43,Masculino,Universitaria,2023-03-26,Nueva EPS,82.5,161
313,KCnLVadqDb,80,Masculino,Técnica,2014-11-14,Sanitas,58.6,174
314,NbBBKNGYUU,77,Masculino,Universitaria,2024-09-29,Coomeva,59.1,164
315,JxREDccxMR,91,Masculino,Técnica,2023-09-01,Sura,81.6,183
316,EFYPUYyomk,18,Masculino,Secundaria,2021-05-06,Coomeva,41.4,181
317,zMRKYttyeF,9,Femenino,Técnica,2010-09-23,Nueva EPS,53.1,167
318,AHBraxIqMR,40,Masculino,Universitaria,2023-09-09,Sura,71.9,172
319,mDGCqOfttl,54,Femenino,Técnica,2015-06-14,Sanitas,54.1,170
320,EPyGlxAwXJ,18,Masculino,Universitaria,2020-04-20,Sura,46.6,173
321,hpmErcvkwP,4,Femenino,Universitaria,2013-10-16,Sura,69.4,148
322,cCoKBuQoAb,21,Masculino,Secundaria,2016-04-17,Nueva EPS,,161
323,BoinicTulp,95,Femenino,,2015-01-18,Coomeva,46.6,183
324,vxBmuBhhCb,64,Masculino,Técnica,2022-03-20,Nueva EPS,47.1,173
325,SkHHSOarHY,10,Masculino,Primaria,2010-04-08,,59.7,165
326,YOLBPitiWn,51,Masculino,Universitaria,2015-01-04,Coomeva,81.8,158
327,oYDgyLiSJN,61,Masculino,Secundaria,2017-09-13,Sura,45,158
328,xIPHcFCTMz,43,Masculino,Técnica,2020-01-25,Sura,71.5,180
329,EnDcVysMeA,12,Femenino,Técnica,2025-02-25,Sura,58.8,163
330,VLpzyGSagp,60,Femenino,Secundaria,2023-03-12,,93,161
331,roffjiqUbL,80,Masculino,Secundaria,2022-02-26,Sanitas,30.4,152
332,xlrGJGvieZ,43,Masculino,Secundaria,2022-03-18,Sanitas,59.9,162
333,DyPRsJsEav,27,Femenino,Secundaria,2023-12-30,Sura,34.7,168
334,TSgihkiKrA,69,Femenino,Primaria,2012-03-25,Nueva EPS,62.4,166
335,KGSSHCGXIs,80,Masculino,Técnica,2013-05-19,Sura,76.6,147
336,sTTDJaKemF,95,Masculino,Primaria,2021-03-29,Sanitas,72.1,187
337,KnaqMRWmOj,71,Femenino,Secundaria,2024-09-16,Coomeva,56.7,158
338,jOcAekwKSt,11,Femenino,Secundaria,2025-04-02,Sanitas,,170
339,VnzGOxRokN,36,Femenino,Primaria,2021-02-15,Sanitas,44.2,165
340,RpjtJQxOzi,53,Masculino,Universitaria,2022-06-15,Nueva EPS,52.1,148
341,jwoQnKoLEp,21,Femenino,Técnica,2016-11-03,Sura,71.4,184
342,VGbXwvlZXi,79,Masculino,Posgrado,2017-06-13,Sura,73.2,142
343,byGlkObivm,76,Masculino,Universitaria,2015-11-16,Sura,69.4,159
344,QzYjTDxugq,12,Femenino,Universitaria,2012-02-01,,61,162
345,XZzDTpwIFe,37,Femenino,Técnica,2025-04-30,Sura,81.4,161
346,VYDkXkZtjI,75,Masculino,Secundaria,2014-06-25,Nueva EPS,42.5,167
347,hRTlVqdQQt,25,Femenino,Técnica,2018-05-26,,70,142
348,FOvlWlctZf,73,Masculino,Universitaria,2016-03-20,Nueva EPS,65.7,173
349,WiwsItdXmx,94,Femenino,Universitaria,2017-04-24,Nueva EPS,73.1,167
350,VGRwEFZRtW,99,Masculino,Secundaria,2018-01-20,Sanitas,83.7,175
351,ppOBPIkLxE,98,Masculino,Universitaria,2017-09-20,Nueva EPS,62,170
352,yJbVMkkDCh,84,Femenino,Universitaria,2016-03-05,Sura,81.5,164
353,oLABXyiKAk,98,Masculino,Secundaria,2015-02-16,Nueva EPS,71.2,162
354,TknhJShEcf,59,Femenino,Técnica,2020-09-07,Sanitas,53.2,165
355,npcYgkzFTM,93,Femenino,Primaria,2022-01-06,Sanitas,47.9,156
356,JvTgXPPpTm,91,Masculino,Universitaria,2010-05-13,,80.3,167
357,NhhjWGFnxl,55,Masculino,Secundaria,2021-11-18,,82.2,167
358,lwdrHZwMTm,51,Masculino,Universitaria,2011-10-11,Nueva EPS,72.4,158
359,vVcUtanrxQ,87,Femenino,Primaria,2016-03-31,Sanitas,82.9,166
360,gfnpGCiTzW,82,Femenino,Primaria,2017-05-31,Sura,64.4,160
361,UsqDGCQakA,28,Otro,Secundaria,2024-10-03,Nueva EPS,73.3,155
362,zavaaXdknH,44,Femenino,Universitaria,2017-03-31,Coomeva,69.4,182
363,oXrcLtSYnD,22,Masculino,Secundaria,2014-11-12,Sura,71.2,167
364,mCSmgNVEGI,85,Masculino,Primaria,2016-12-06,Sura,77.1,175
365,iGtGxEptjx,51,Femenino,Universitaria,2022-11-27,Sura,51.1,150
366,iwAJMHINOW,78,Femenino,Primaria,2018-01-24,,54.3,167
367,CQWQNcpbnY,69,Masculino,Primaria,2011-08-06,Sanitas,58,183
368,IJBfuIakxE,20,Masculino,Primaria,2021-09-03,Nueva EPS,64.9,160
369,fKyywUvKpw,85,Femenino,Técnica,2024-10-31,Sura,,160
370,qsherFqOJK,76,Femenino,Técnica,2010-10-08,Nueva EPS,88.5,177
371,IiZiMUXerX,22,Femenino,Secundaria,2014-11-13,Sanitas,71.5,176
372,sDIyQhcYkQ,39,Femenino,Primaria,2018-12-19,Sura,67.4,154
373,TiTSlryRdE,71,No responde,Técnica,2024-11-14,Sanitas,85.1,165
374,kvaRhWELvn,31,Masculino,Primaria,2024-06-19,Sanitas,92.4,173
375,AhZAquAUGT,8,Femenino,Posgrado,2010-08-20,Nueva EPS,58.2,169
376,OOvPohXIbs,1,Masculino,Universitaria,2016-05-24,Nueva EPS,58.4,170
377,quDpGGHArT,26,Femenino,Técnica,2018-03-05,Sura,71.2,154
378,kmWJbGFbPe,94,Masculino,Secundaria,2012-07-31,Sura,68,159
379,LUUrvFBEso,41,Femenino,Primaria,2013-10-01,Nueva EPS,62.1,163
380,kISqvHeILC,18,Masculino,Técnica,2017-06-01,Sanitas,64.4,159
381,PwtLipKIWf,,Femenino,Posgrado,2014-10-26,Sanitas,71.5,152
382,jznfvKDnSU,98,Masculino,Técnica,2011-02-12,Sanitas,85.8,165
383,lRvMTsrJFl,44,Femenino,Universitaria,2012-03-07,,61.3,156
384,lCdQOUwWgr,,Femenino,Secundaria,2020-11-23,Sanitas,57.5,164
385,SGwnSfZIQA,60,Femenino,Universitaria,2015-10-08,Sura,50.3,182
386,IititwYysY,79,Masculino,Secundaria,2025-04-23,Nueva EPS,,168
387,WemMIGuncT,,No responde,Universitaria,2013-03-24,Coomeva,70.2,168
388,yHBoMLJbAi,78,No responde,Secundaria,2016-07-04,,43.5,173
389,IkLKhzEyrH,,Masculino,Secundaria,2016-10-08,Sura,94.6,154
390,VWsiqfYPyQ,84,Femenino,Universitaria,2016-07-15,Sura,68.8,159
391,PgWUzAlBqw,45,Masculino,Secundaria,2021-05-22,Sura,63.1,168
392,VShTBhAnwZ,18,Masculino,,2012-10-31,Nueva EPS,120.4,183
393,FfGnglUDYs,2,Masculino,Secundaria,2021-06-21,Nueva EPS,73.8,167
394,SRAihTMEHj,7,Masculino,Universitaria,2013-09-04,Nueva EPS,68.7,165
395,IezoQnysxX,83,Femenino,Secundaria,2019-09-08,Nueva EPS,106.1,189
396,QijaIXIwxZ,24,Femenino,Posgrado,2023-04-10,Sura,46.4,188
397,ykCWWefKQr,68,Masculino,Secundaria,2014-09-18,Nueva EPS,76.4,172
398,hpsepnJykj,88,Masculino,Posgrado,2020-08-29,Sura,60.7,168
399,soNMILyjZn,32,Femenino,Primaria,2010-12-10,Nueva EPS,72.2,171
400,wAZhGWKgNT,90,Femenino,Técnica,2012-02-18,Nueva EPS,58.2,151
401,RhUhifjGRp,26,Masculino,Secundaria,2018-03-28,Sura,75.6,167
402,vnPtaTiJkK,83,No responde,Primaria,2018-06-23,Sanitas,80.1,157
403,SuPtGogjGh,80,Masculino,Secundaria,2013-04-15,Sanitas,66.1,154
404,LVwCIRSbdq,79,Femenino,Universitaria,2013-05-24,Sanitas,59.5,154
405,MYetNIhxVU,70,Masculino,Secundaria,2021-07-04,Sura,63.6,165
406,RZdDOSTtIC,4,Femenino,Técnica,2025-02-27,Nueva EPS,74.2,148
407,VvbIcoKVkg,14,Masculino,Técnica,2012-10-03,Nueva EPS,81.8,162
408,LXGTsGviyT,65,Masculino,Técnica,2016-09-20,Sanitas,42.3,171
409,JxAHecHLKM,42,Masculino,Universitaria,2012-12-13,Sura,66.3,151
410,EiHVpTTxKv,55,Femenino,Posgrado,2012-11-08,Nueva EPS,49,148
411,rPZCyvcqhU,22,Masculino,Posgrado,2019-03-13,Sura,76.1,174
412,mptHLCScNA,43,Masculino,Primaria,2020-09-02,Sura,61.3,177
413,VgNYKiFhRq,88,Masculino,Secundaria,2011-12-14,Coomeva,103.4,159
414,npKEOctpAB,17,Masculino,Secundaria,2015-04-13,Nueva EPS,74.9,167
415,QIjSkfXoHw,52,Femenino,Primaria,2022-12-12,Nueva EPS,71.1,151
416,rWNaAfaBBm,70,Femenino,Universitaria,2013-08-29,Sura,76.3,163
417,MiTdNBgyQf,36,Masculino,Técnica,2023-03-22,Nueva EPS,64.8,157
418,DzXrmGKmQH,88,Masculino,Primaria,2015-03-14,Coomeva,59,145
419,eETgULeMPx,38,Masculino,Primaria,2024-12-06,Nueva EPS,41.9,177
420,OPsKWeFVnS,55,Femenino,Universitaria,2023-08-01,,62.8,163
421,eCOalRtkpk,94,Masculino,Técnica,2021-12-12,Sanitas,65.6,169
422,iHKcIuqztz,75,Femenino,Primaria,2022-02-28,Sura,38.9,153
423,garBdYDAVU,11,Masculino,Secundaria,2016-06-19,,74.2,156
424,LkXKJoweas,62,Masculino,Universitaria,2011-07-09,Sanitas,49.6,156
425,YKkTYfBGZc,31,Femenino,Posgrado,2011-12-07,Sura,69.4,169
426,bAbMjxBQKQ,19,Femenino,Técnica,2024-07-14,Sura,69.1,151
427,mtjpdEQnnt,62,Masculino,Técnica,2022-03-27,Sura,79.5,157
428,zMZIauMNhv,66,Femenino,Primaria,2013-02-23,Sanitas,71.6,161
429,xxuGpuYlrC,96,Femenino,Secundaria,2024-05-24,Nueva EPS,61.5,188
430,aprdtDDKdx,47,Femenino,Universitaria,2016-12-13,Sanitas,51.4,170
431,IeoSQDnWHo,,Masculino,Secundaria,2011-08-30,Coomeva,88.5,145
432,CTOGsFrGFL,38,Femenino,Secundaria,2010-10-10,Sanitas,66.7,165
433,pQfUdUGwWM,52,Masculino,Técnica,2020-09-27,Coomeva,80.9,174
434,KWHLayBGRB,2,Femenino,Secundaria,2024-02-05,Sanitas,72.1,167
435,bFBjQlfwRe,60,Femenino,Posgrado,2012-05-15,Sanitas,40.3,180
436,bhXcFsCItN,93,Masculino,Técnica,2019-08-08,Nueva EPS,65.5,151
437,OnUZgXmTxy,37,No responde,Técnica,2021-09-22,Sura,81.6,165
438,mLVIvplbVn,95,Masculino,Universitaria,2017-03-22,Sanitas,66.9,181
439,gWBQrtSfiL,71,Femenino,Secundaria,2018-12-12,Sura,43.5,172
440,rQruJEOLCj,30,Femenino,Posgrado,2022-07-01,Sanitas,48.7,166
441,bvTPOrxJsG,43,Masculino,Técnica,2010-03-17,Nueva EPS,63.4,160
442,diOPbOwKdZ,6,Masculino,Universitaria,2017-08-06,Sura,97.9,154
443,maqVOORjKH,22,Femenino,Primaria,2019-07-13,Sura,26.5,154
444,wpSeGakzfX,57,Masculino,Universitaria,2011-04-29,Sura,66.9,159
445,AtHGGfBVGF,48,Masculino,Técnica,2019-05-07,Sura,53.9,159
446,GektslFvwR,91,Femenino,Primaria,2019-01-29,Sura,79.1,181
447,jbzNfgCzAE,,Femenino,Universitaria,2014-11-10,Sura,55.5,153
448,gSCVJtWJiG,41,Masculino,Técnica,2020-09-13,Coomeva,71.5,181
449,sntqNxVqxh,,Otro,Primaria,2012-11-13,Sanitas,70.3,168
450,PSqlehRRJq,44,Femenino,Primaria,2024-06-23,Sanitas,81.9,169
451,DaLEbJkHPX,36,Masculino,Universitaria,2019-04-30,Nueva EPS,86.5,172
452,SxKutpvRfb,80,Masculino,Universitaria,2013-07-21,Sanitas,60.1,182
453,XGdolfTeoA,64,Femenino,Universitaria,2024-10-31,Sura,35.9,166
454,suYCbIdtMF,67,Masculino,Posgrado,2024-12-28,Sanitas,81.4,171
455,EiwDwSoNRG,73,Femenino,Técnica,2017-10-30,Coomeva,82.7,170
456,xdZEjgktaT,41,Femenino,Primaria,2022-11-21,Sura,71,162
457,VynwsiZSKk,84,Masculino,Técnica,2015-07-22,,94.5,173
458,iqRAyPPZZU,56,Masculino,Técnica,2013-05-28,Sanitas,53.4,163
459,GuRpNdIurx,68,Masculino,Universitaria,2013-04-17,Sura,90.6,158
460,rTJzFgnvsX,68,Femenino,Universitaria,2015-12-16,Sanitas,90.6,161
461,ewGFzYSKsb,28,Femenino,Posgrado,2021-05-24,Sura,88.5,167
462,FQEEEFZCKJ,87,Masculino,Técnica,2024-07-17,Sanitas,78.4,168
463,YmTBhbpIcC,93,Femenino,Primaria,2019-07-25,Sura,59.7,153
464,XJjShSgINZ,91,Femenino,Técnica,2015-12-13,Sura,73.6,165
465,sBjxePAOvi,98,Masculino,Primaria,2017-08-20,Coomeva,89.1,165
466,VvLYzwuXOF,85,Femenino,Secundaria,2011-01-13,Sura,72.3,155
467,LsiUhFYGdF,10,Masculino,Universitaria,2011-03-09,Sanitas,71.2,164
468,sUFJszhisw,100,Masculino,Primaria,2018-07-21,Sanitas,42.1,169
469,bDCtfQfkRq,24,Masculino,Primaria,2020-04-20,Sura,76.9,181
470,jhdMZPkdED,,Femenino,,2015-01-24,Coomeva,73.5,163
471,yiRALtDDjw,7,Masculino,Universitaria,2012-01-21,Coomeva,91.6,161
472,mYBsdMMZLA,84,Femenino,Técnica,2024-05-09,Sanitas,56.9,164
473,qdbPCcmEYP,95,Femenino,Universitaria,2019-04-30,Sanitas,54.5,182
474,fmVYjBSJWX,59,Masculino,Universitaria,2012-01-14,Sanitas,66.6,163
475,QGTucGKDoC,42,Masculino,Secundaria,2021-08-03,Coomeva,49.3,177
476,WFgMiXLgUn,15,Masculino,Secundaria,2012-02-22,Sanitas,61.3,155
477,WIUsEhHmED,25,Femenino,Técnica,2018-09-15,Sura,43.2,164
478,PdAEuWKSNc,55,Femenino,Secundaria,2010-06-27,Sanitas,91.2,154
479,VBdPCpIpMi,37,Femenino,Técnica,2022-01-11,Sura,71,171
480,LubBioAGgD,40,Masculino,Técnica,2013-07-30,Coomeva,59.1,163
481,nUGuZAGIDo,84,No responde,,2024-11-18,Sanitas,80.5,156
482,jRbkzNcrXX,28,Masculino,Secundaria,2012-04-10,Sanitas,74.8,178
483,kBhYiQoKvW,66,Femenino,Primaria,2020-12-17,Sura,67.4,173
484,DoTbZYNxpt,48,Masculino,Técnica,2024-08-03,Nueva EPS,80.9,156
485,CmAFZdpKtP,79,Femenino,Secundaria,2024-05-05,Sura,74.2,150
486,QHyCZvWpYS,62,Femenino,Secundaria,2015-05-08,Coomeva,69.1,150
487,gAEYwdRQcj,35,No responde,Técnica,2016-08-25,Sanitas,51.5,156
488,xdnzkLWmjQ,3,Femenino,Técnica,2012-09-08,Nueva EPS,68.3,196
489,cpnBaOzrcg,90,Femenino,Primaria,2013-10-31,Coomeva,61.2,174
490,yataNvQEqP,0,Femenino,Técnica,2018-11-01,Sura,77.5,170
491,VqrmQVkzYv,21,Masculino,Secundaria,2017-01-01,Sanitas,67.1,176
492,RbIdgPCJxB,73,Femenino,Secundaria,2024-11-01,Sanitas,,162
493,LLvsHzXJVf,44,Masculino,Universitaria,2013-03-30,Sanitas,30.2,172
494,ONzsMcwVBM,32,Femenino,Universitaria,2015-02-09,Sura,97.7,172
495,UygXbhqsKZ,33,Femenino,Universitaria,2020-08-05,Nueva EPS,81.8,159
496,ToxssUnaRg,62,Masculino,Secundaria,2021-06-10,Nueva EPS,51.4,163
497,ZDHgkNlGFc,22,Masculino,Técnica,2016-05-25,Coomeva,70.7,144
498,dJmhaGMinV,57,Masculino,,2021-01-28,Sanitas,62.4,183
499,vBbIIHOukH,2,Masculino,Técnica,2014-10-25,Sanitas,76,
500,OZDrcMaDsj,31,Masculino,Técnica,2023-07-04,Nueva EPS,78.6,178
501,kSgMxvTpDf,,Femenino,Secundaria,2012-05-28,Nueva EPS,78.5,163
502,exGiJiuQWd,50,Femenino,Secundaria,2016-12-31,Sura,73.8,163
503,nUGdqeiymj,68,Femenino,Primaria,2019-03-15,Sanitas,77.4,134
504,FIPuobGQJS,79,No responde,Secundaria,2016-12-25,Sura,71.8,157
505,dGdbXHyJpc,77,Femenino,Posgrado,2018-02-06,Nueva EPS,39.5,174
506,OQhSRFAvZg,48,Masculino,Universitaria,2019-10-23,Nueva EPS,65.8,173
507,sTHZmQqZpS,45,Femenino,Técnica,2015-10-26,Sanitas,62.6,159
508,OXfQoOhsjS,1,Masculino,Posgrado,2010-02-05,,54.8,159
509,CcIWGeayGU,14,Femenino,Universitaria,2012-05-01,Nueva EPS,36.1,168
510,wrcyvtRqjT,32,Femenino,Primaria,2017-09-04,Sanitas,102.9,176
511,tGPTcnVRDo,29,Masculino,Secundaria,2015-05-22,Sanitas,51,193
512,yhGUSHJkfk,46,Masculino,Posgrado,2019-12-14,Coomeva,93.2,164
513,uVOXLPNgLI,51,Masculino,Universitaria,2018-10-11,Sura,80.8,172
514,ukmbUyhSxu,42,Femenino,Primaria,2021-06-04,Sura,42.6,169
515,rjZTajCcct,36,Femenino,Técnica,2023-01-07,Sura,75.6,164
516,flujueUKmW,56,Masculino,Secundaria,2022-12-09,Nueva EPS,60.2,156
517,VzCGzHuHRE,85,Femenino,Secundaria,2020-03-09,Sura,79.4,155
518,eQVDqhNMCV,72,Otro,Universitaria,2016-01-01,Sanitas,78,144
519,aCEnhzSNNw,14,Masculino,Secundaria,2018-04-24,Coomeva,74.4,155
520,gTeSmlGmnc,9,Femenino,Universitaria,2023-11-27,Nueva EPS,81.8,168
521,NHSxjWZEcH,17,Masculino,Universitaria,2014-09-02,Coomeva,62.4,157
522,qWJEgpOFfU,14,Masculino,Técnica,2022-02-03,Nueva EPS,56.6,157
523,jIvCzxPFJw,31,Femenino,Primaria,2016-01-11,Nueva EPS,69.4,178
524,hMwpjEvIpu,19,Femenino,Técnica,2017-12-24,Sanitas,55.4,161
525,PsONFJGNAm,85,Femenino,Primaria,2015-03-14,Nueva EPS,67.8,184
526,gcUCftSOtF,86,Femenino,Técnica,2011-01-08,Sura,72.2,163
527,ctSiRmZkCV,75,Femenino,Secundaria,2022-12-24,Sura,89.7,50
528,eZDWWjQEiT,15,Femenino,Universitaria,2023-10-07,Sanitas,64,154
529,FJwEgXJNrx,13,Femenino,Secundaria,2021-01-30,Sura,103,168
530,HAmiZqsslQ,6,Masculino,Técnica,2018-11-09,Sanitas,88,165
531,MplpVlgeTI,73,Masculino,Secundaria,2011-06-05,Coomeva,66.1,166
532,JHHoleVAmH,4,Masculino,Posgrado,2023-10-10,Nueva EPS,91.6,159
533,usOvfJyuBa,94,Masculino,Posgrado,2014-01-08,Sura,78.4,156
534,YXwbneGehx,83,Femenino,Secundaria,2014-10-27,,74.7,161
535,JOYbiSkzqy,58,Masculino,Universitaria,2018-08-03,Sanitas,57,153
536,UfcbQBmvas,24,Masculino,Secundaria,2020-05-30,Sanitas,93.4,159
537,BDFumCSfVk,12,Masculino,Universitaria,2013-07-27,Sanitas,86.9,175
538,bRhffclqlZ,75,Femenino,Primaria,2014-11-28,Sanitas,39.1,187
539,zqOxeAmgCI,23,Masculino,Posgrado,2014-01-25,Nueva EPS,102.5,164
540,vzAqUrRCyn,72,Masculino,Universitaria,2023-04-24,Sanitas,89.6,152
541,DeuLFfIJtj,,Femenino,Secundaria,2014-02-04,Sanitas,75.9,148
542,efOAMgnMLC,88,Femenino,Universitaria,2014-03-09,Sanitas,61.1,179
543,yYsrjmznRm,1,Masculino,Técnica,2017-12-25,Sura,76.3,172
544,JFXdfSjXWT,38,Femenino,Técnica,2018-06-26,Sura,57.3,166
545,wtCQHnOBGf,63,Masculino,Universitaria,2015-09-17,Nueva EPS,21.2,157
546,OAaYmtUeNU,86,Femenino,Secundaria,2016-05-01,Sura,55.8,176
547,GnCJeuaGAV,58,Masculino,Universitaria,2012-05-15,Sura,91.5,174
548,pyJlttWBXM,24,Masculino,,2010-07-14,Sanitas,57.2,163
549,vsDXgAczIe,13,Femenino,Secundaria,2020-04-11,Coomeva,76.9,170
550,JoFeEPWBRx,93,Femenino,Posgrado,2016-11-16,Nueva EPS,74.5,152
551,nvpVVZJtHX,21,Femenino,Posgrado,2016-03-21,Sura,61.4,177
552,ARzXqgfejF,29,Femenino,Posgrado,2015-12-10,Sanitas,57.9,
553,HoRwhziHfV,33,Masculino,Secundaria,2024-11-26,Nueva EPS,87.3,162
554,EgnTQXXNuQ,67,Femenino,Posgrado,2020-06-22,Nueva EPS,68.6,154
555,apDpJYBNun,90,Masculino,Secundaria,2024-05-18,Sura,81.3,161
556,uhzNeWSShD,5,Femenino,Universitaria,2012-12-24,Sura,75.1,160
557,DBuwEtQZxH,87,Femenino,Técnica,2014-01-14,Sura,60.8,
558,FIZaOUqKZY,42,Femenino,ninguna,2014-12-01,Nueva EPS,69.6,172
559,bskXoBZZbL,45,Masculino,Técnica,2018-06-15,Sura,93.3,174
560,gcbdCMnRHJ,,Masculino,Universitaria,2013-02-23,Sanitas,48.7,154
561,ovXljvGTHd,57,Femenino,Secundaria,2025-07-10,Nueva EPS,69.6,170
562,YnlGCaqdiO,28,Femenino,Posgrado,2013-02-08,Sanitas,84.1,163
563,EQFHtmTKXF,63,Masculino,Técnica,2014-02-05,Sanitas,75.8,174
564,lXgDODOuaE,44,Masculino,Primaria,2010-04-15,Sura,63.8,171
565,iuMEqNgpwb,98,Femenino,Secundaria,2010-11-14,Sura,82.6,148
566,UauekRpRwu,11,Femenino,Secundaria,2012-09-08,Nueva EPS,59.2,164
567,GIYERvvKQg,41,Femenino,Secundaria,2010-12-22,Nueva EPS,84.7,149
568,UlAqLWxuhY,12,Femenino,Universitaria,2016-02-16,Nueva EPS,72.7,183
569,AupsMrUYav,22,Femenino,Secundaria,2022-06-02,Sanitas,82.3,167
570,UcbmEpMhqs,95,Masculino,Universitaria,2015-10-16,Sanitas,75.4,171
571,ciEuoaSrfs,95,Femenino,ninguna,2010-04-16,Coomeva,62.7,153
572,lwHBpbfZwa,62,Femenino,Técnica,2013-07-30,Coomeva,56.7,177
573,BxLwynSTbj,26,Masculino,Primaria,2019-02-24,Sura,73.6,171
574,OQQkrDsPHe,37,Masculino,Técnica,2015-07-29,Nueva EPS,58,166
575,iMhtCmrdPJ,37,Masculino,Primaria,2023-12-15,Sura,45.4,177
576,bUHWrMKPzs,,Femenino,,2014-12-31,Sanitas,67.1,175
577,zrypJGbzap,86,Femenino,Primaria,2019-02-01,Nueva EPS,81.5,173
578,fOYvOdxneW,29,Masculino,Posgrado,2019-04-30,Sanitas,51.4,165
579,hqTknTEqSm,49,Masculino,Universitaria,2016-09-19,Coomeva,67.8,158
580,IdpeelBeDs,8,Masculino,Técnica,2025-07-27,Sura,57.8,164
581,otIBXKdcVI,5,Femenino,Universitaria,2015-02-06,,83.7,168
582,rBKTBpNAMH,15,Masculino,Primaria,2018-04-15,,72.2,175
583,TZFHNSRUEq,54,Masculino,Posgrado,2021-11-05,Nueva EPS,61.2,160
584,KztkHlbbPz,91,Masculino,Universitaria,2019-03-11,Sura,83.2,168
585,hbmgceDNYX,39,Masculino,Primaria,2022-02-26,Sanitas,,161
586,ORzluhfhol,3,Femenino,Técnica,2022-12-14,Nueva EPS,78,169
587,UnaJRgAaaJ,,Femenino,Primaria,2022-03-01,Sanitas,77,158
588,XbrjfuDbeu,13,Masculino,Universitaria,2019-11-20,Sanitas,93.5,157
589,esKaibYxPn,92,Masculino,Secundaria,2016-01-11,Sura,44.2,170
590,rEfHHybCpN,69,Masculino,Secundaria,2021-08-18,Sanitas,76.4,160
591,QwKrtyclUC,53,Femenino,Secundaria,2012-02-25,Sanitas,46.2,149
592,LmJIYIBpho,98,Femenino,Primaria,2012-01-16,Sura,60.1,152
593,sxFtWSuhEb,57,Masculino,Secundaria,2020-08-18,Sura,77.5,173
594,OoWxodXfsr,34,Masculino,Posgrado,2014-03-13,Coomeva,62.6,157
595,mpjRttiJQy,44,Femenino,Posgrado,2011-10-18,Nueva EPS,72.5,147
596,vvrlhwOJgQ,91,Femenino,Universitaria,2014-06-18,Nueva EPS,84.3,152
597,HSfLZbIRnz,26,Masculino,Universitaria,2018-05-06,Nueva EPS,73.4,175
598,KHoZLFntBx,3,Femenino,Universitaria,2023-09-06,Sura,56.3,159
599,GsHWrxkwUj,83,Femenino,Primaria,2012-06-22,Nueva EPS,86,161
600,VzFPtIqKLh,56,Masculino,Posgrado,2013-06-18,Sanitas,94.8,169
601,bKdWTPPpff,46,Masculino,Posgrado,2016-07-13,Coomeva,80.6,163
602,YoduKBlrRM,64,Masculino,Secundaria,2017-02-11,Sura,81.8,172
603,hnfthnpyOy,9,Masculino,Técnica,2012-05-30,Sanitas,76.9,161
604,oDSMEaOJOf,10,Femenino,Universitaria,2013-02-06,Sura,79.9,146
605,PQMlKcsgqe,49,Masculino,Secundaria,2019-04-27,Sanitas,90.4,173
606,eMZHujSNwq,62,Masculino,Técnica,2014-08-20,Sura,61.4,174
607,dlWSNFbLzV,80,Femenino,Universitaria,2019-05-20,,65.1,150
608,NICphrjyno,3,Femenino,Universitaria,2015-06-22,Sura,80.3,146
609,ngkKtLSdrp,63,Masculino,Universitaria,2024-01-27,Nueva EPS,84,145
610,MDZKLqLEaR,68,Masculino,Secundaria,2011-07-02,,78.6,166
611,UUnJTkbGqI,15,No responde,Universitaria,2014-06-24,Sura,49,162
612,JDxNfRsZSZ,73,Masculino,Secundaria,2014-09-10,Sanitas,-20,175
613,QAKEIHNMlT,20,Femenino,Secundaria,2015-09-09,Sura,80.4,187
614,OvZhOujKde,53,Femenino,Universitaria,2019-10-03,Sanitas,104.9,157
615,PnxhfhSjaL,100,Masculino,Posgrado,2020-01-09,Sura,79.5,171
616,XSosVDrLGD,97,Femenino,Secundaria,2015-04-25,Sanitas,52.5,156
617,peUYSnePia,63,Femenino,Secundaria,2012-12-24,Coomeva,91.5,166
618,cWDuHZrUNf,,Masculino,Secundaria,2016-01-30,Sanitas,96,148
619,zGjdiCRRxS,41,Masculino,Primaria,2018-09-19,Sanitas,54.5,166
620,yiXjdMCqdE,,Masculino,Posgrado,2022-06-28,Sanitas,84.9,173
621,XQXViMhZPz,22,Masculino,Secundaria,2019-01-16,Nueva EPS,70,167
622,QwIPthaAwb,48,Femenino,Universitaria,2015-11-13,Sura,73.4,166
623,OMnpcLVzja,90,Femenino,Técnica,2013-03-04,Sura,57.7,169
624,DBOReZGeMR,46,Femenino,Universitaria,2021-02-11,Sanitas,45.5,164
625,JtxYZIOIxI,64,Femenino,Posgrado,2023-10-02,Sura,55.8,173
626,vVDTaqESXu,53,Masculino,ninguna,2024-02-16,,81.7,171
627,WBCLpYGsdl,72,Femenino,Universitaria,2014-04-12,Sanitas,78.8,170
628,SwTBFaNmNC,9,Femenino,Técnica,2022-05-01,Sura,101.3,175
629,XQaIGfhHme,4,Masculino,Secundaria,2024-12-03,Sura,79.6,168
630,GFhpljjlED,58,Masculino,Secundaria,2017-02-14,Sura,100.1,151
631,TWhrTzcnIh,99,Femenino,Técnica,2010-11-13,Nueva EPS,65.3,164
632,osJlWTiHam,22,Femenino,Secundaria,2022-09-14,Nueva EPS,64.9,157
633,YrQfutehzk,21,Masculino,Técnica,2021-04-02,,61.5,173
634,QyhuqiEQWk,10,Femenino,Universitaria,2020-09-28,Sura,,160
635,ZtOlekmnhu,54,Femenino,Técnica,2013-08-30,Sura,58.6,160
636,NigeYxjGJq,37,Femenino,Primaria,2024-06-12,Sanitas,93.1,167
637,XPbBGeIasb,55,Femenino,Universitaria,2019-06-26,Nueva EPS,65.8,177
638,wxkMRSjEwP,26,Femenino,Universitaria,2012-04-25,Nueva EPS,48,176
639,hqxnggtipt,64,Femenino,Técnica,2016-08-09,Sanitas,67.8,160
640,GkZOcOVcDE,25,Femenino,Universitaria,2018-04-16,Sanitas,49.8,168
641,TTCZGFHrsO,3,Masculino,Primaria,2019-02-09,Sura,71.2,177
642,TcYbdrghyO,42,Femenino,Primaria,2020-04-16,Coomeva,78.9,153
643,XcjFvbzwGA,8,No responde,Secundaria,2025-02-02,Sanitas,82.2,167
644,liDgkRBcrQ,29,Femenino,Secundaria,2018-04-01,Nueva EPS,48.2,171
645,PWJIkMqqIa,52,Femenino,Posgrado,2017-05-14,Nueva EPS,79.3,179
646,jhCbRBsFKa,9,Femenino,Técnica,2023-11-27,Sura,72.8,164
647,vjboJLJCnb,93,Femenino,Universitaria,2014-08-10,,33,160
648,GsFVdnZzQL,82,Masculino,Técnica,2013-12-27,Sura,81.9,155
649,CUFhuHJvcr,45,Femenino,Técnica,2017-02-27,Nueva EPS,65,168
650,CNZsufiuMy,39,Masculino,Universitaria,2010-02-04,Sanitas,73.7,165
651,ZjSPXKHgCo,65,Femenino,Secundaria,2023-03-06,Nueva EPS,73.2,173
652,DXKzFGsSkr,82,Masculino,Universitaria,2019-08-03,,71.3,164
653,vfnDgMRJVZ,17,Femenino,,2025-03-09,,53.7,176
654,zlrAClbrSP,52,Masculino,Universitaria,2020-01-04,Sanitas,71.3,158
655,KUthZqjZZl,54,Masculino,Universitaria,2013-07-20,Nueva EPS,71.4,158
656,ndzKMuGbRk,47,Femenino,Posgrado,2010-11-03,Nueva EPS,46.1,156
657,gDGVukikGE,7,Masculino,Universitaria,2022-05-12,Sura,63,156
658,OKGSbsHiHB,91,Masculino,Universitaria,2020-03-04,Sanitas,76.1,171
659,NelvcOESsd,85,Masculino,Universitaria,2024-08-17,Sura,72.2,148
660,hiTuUkqJdt,18,Femenino,Secundaria,2015-04-04,Sanitas,66.4,194
661,JcRoRYwfUi,2,Masculino,Posgrado,2017-10-29,Nueva EPS,5,159
662,JVDYCwPqvV,21,Masculino,Primaria,2020-01-05,Sanitas,71.4,146
663,CvLqPaIVdF,58,Masculino,Secundaria,2025-05-22,Sanitas,75.6,163
664,uILlnjefGx,22,Masculino,Secundaria,2024-08-30,Coomeva,100,150
665,qalXJqDeTj,92,No responde,Primaria,2013-07-09,Sura,58.8,178
666,QXJxYtcJYQ,,Femenino,Secundaria,2011-04-29,Nueva EPS,85.2,161
667,JKOHhbRfNG,61,Femenino,Secundaria,2018-11-16,Sanitas,106.3,
668,kmaHuqWeZq,64,Masculino,Secundaria,2022-11-21,Sura,74.8,142
669,MizzqHOkKM,13,Femenino,Secundaria,2025-02-05,Nueva EPS,79.3,173
670,FVVLjkXFze,17,Femenino,Secundaria,2022-07-13,Nueva EPS,86.8,164
671,FhydwtdWda,81,Masculino,Secundaria,2020-03-01,Nueva EPS,69.7,164
672,bZjGlrTQxk,84,Femenino,Técnica,2011-06-28,Nueva EPS,55.1,160
673,eQLkyFoEtt,75,Femenino,Primaria,2011-06-17,Sura,99.8,186
674,gQLXxvvnsD,65,Femenino,Universitaria,2020-04-22,Nueva EPS,83.7,159
675,owwmScMrMc,15,Femenino,Primaria,2023-03-22,Sura,74,177
676,zWwTjRKmeH,91,Femenino,,2023-08-06,Coomeva,63.3,172
677,KjCxojCJMV,12,Masculino,Secundaria,2015-12-10,Sura,36.1,149
678,MVZRvogMuC,78,Masculino,Técnica,2011-10-09,Sura,91,137
679,KaZZJPvjPx,87,Masculino,Universitaria,2016-07-12,Sura,82.9,146
680,LPyzlZRFWz,41,Femenino,Posgrado,2020-12-15,,82.6,173
681,rXSUbIRWkz,94,Femenino,Técnica,2019-10-07,Sanitas,58.7,174
682,UFTPFyXfJS,49,Femenino,Primaria,2023-06-20,Nueva EPS,52.6,182
683,eJUmQmKnRs,31,Femenino,Universitaria,2013-06-28,Nueva EPS,65.1,161
684,OqlVXoZMyC,42,Femenino,Universitaria,2025-06-27,Coomeva,40.2,151
685,stMjqnAuSn,52,Femenino,Primaria,2023-07-10,Sura,78.5,152
686,rjgXGJwFSn,63,Femenino,Secundaria,2011-10-20,Sura,85,158
687,MUXPVAmAbp,16,Femenino,Técnica,2012-07-17,Nueva EPS,80,160
688,iBZclMHARL,7,Masculino,Primaria,2022-08-21,Sanitas,43.2,
689,nhiuzCHioo,90,Masculino,Técnica,2015-02-05,Sanitas,81.2,169
690,LqRRrNfbcy,84,Femenino,Primaria,2016-06-14,Coomeva,73,167
691,EBCkYiVprF,1,Femenino,Universitaria,2022-09-27,Sanitas,78.3,155
692,KGYDtXzyIW,33,Femenino,Universitaria,2017-01-18,Nueva EPS,60.7,166
693,LiFwTRgDzE,67,Femenino,Técnica,2023-09-04,Nueva EPS,50.4,156
694,hMFHdQdVfA,59,Masculino,Técnica,2013-02-09,,93.2,141
695,rtQsVDHfcH,79,Masculino,Técnica,2020-09-18,Coomeva,68.8,165
696,cRGIcrYaOk,56,Masculino,Técnica,2013-03-29,,66.8,165
697,keicPQIYcQ,61,Femenino,Técnica,2018-06-22,Sura,71.2,173
698,RZANvhjIst,34,Femenino,Primaria,2019-05-26,Sura,73.1,173
699,tBJOcqnHfU,83,Masculino,Técnica,2014-01-31,Sanitas,80.3,150
700,WVemJmwAbe,87,Masculino,ninguna,2015-03-21,Sura,63.4,156
701,FdtCLrasiU,97,Femenino,Universitaria,2018-04-17,,94.8,179
702,xhXpRYPnfU,23,Masculino,Posgrado,2022-03-23,Sanitas,97.3,157
703,nwJqRqUvlb,19,Femenino,Universitaria,2016-04-26,Sura,80.8,167
704,pGvGGyZXCf,21,Femenino,Técnica,2018-02-11,Sanitas,75.1,166
705,OCgbHNqVcL,82,Femenino,Universitaria,2025-05-18,Sura,72.2,148
706,aDUOXQKUyb,63,Femenino,Universitaria,2017-10-14,Nueva EPS,64.6,151
707,kevdJlmCrU,66,Masculino,Técnica,2018-07-07,Sura,94.8,167
708,MlfPoMBawB,19,Masculino,Posgrado,2019-12-03,Nueva EPS,66.5,178
709,opyddnRSEu,85,Masculino,Secundaria,2014-12-21,Nueva EPS,57.8,176
710,JesMyXjpNb,77,Femenino,Secundaria,2022-03-19,Sanitas,81.8,151
711,ffMLRgnxgK,60,Masculino,Técnica,2015-12-14,Sanitas,97.9,171
712,DLgDxSWGBX,73,Femenino,,2017-06-08,Sura,70.3,167
713,yXlFpYECaJ,93,Masculino,ninguna,2022-06-07,Nueva EPS,58.5,163
714,kMURFoIlJQ,17,Masculino,Universitaria,2014-05-26,Sura,73.1,183
715,NPsINQnYWM,92,Masculino,Primaria,2022-02-15,Sanitas,66.3,167
716,eUeTxggZwT,19,Femenino,Posgrado,2024-12-18,Nueva EPS,57.8,152
717,oxKbZdANGp,6,Femenino,Posgrado,2021-05-26,Coomeva,90.6,149
718,YQdmwPXJUq,44,Otro,Técnica,2010-08-21,Sura,57.4,174
719,SbcbewzfbD,28,Masculino,Universitaria,2024-12-10,Sura,83.6,169
720,EEoqHmfSmE,9,Femenino,Universitaria,2018-12-30,Sanitas,82.5,159
721,tYKKJLGnfx,74,Masculino,Posgrado,2021-02-21,Sanitas,64.1,168
722,eKcgpzqFFJ,77,Masculino,Primaria,2010-10-25,Nueva EPS,79.2,175
723,POpdWpzSWc,71,Masculino,Primaria,2021-12-29,Sura,86.9,177
724,YmhWFrUPNP,97,Femenino,Secundaria,2014-04-13,Sanitas,83.5,166
725,EBLNAWBPBi,15,Otro,Primaria,2024-09-14,Sura,73.8,161
726,YKlOinuPYO,65,Masculino,Secundaria,2019-06-05,Nueva EPS,53,166
727,pSCBKlPUri,78,Femenino,Universitaria,2021-07-03,Sura,75,169
728,TWZLQwUYIF,69,Femenino,Primaria,2010-05-16,Sura,43.5,152
729,vlIUoGbbIv,20,Masculino,Universitaria,2022-07-22,Sanitas,75.3,162
730,OkcEcnZWTR,9,No responde,Secundaria,2017-04-17,Sura,61.9,146
731,xsnHpIaamg,56,Masculino,Primaria,2018-08-03,Sura,60.3,163
732,YJsgKKBPzj,42,Femenino,Técnica,2019-06-20,Nueva EPS,76.7,166
733,wRMQwTAQBq,0,Masculino,Universitaria,2023-08-19,Coomeva,59.5,161
734,CYFNknToPa,86,Femenino,Secundaria,2015-07-08,Sanitas,88.5,167
735,bRfyVncyOS,51,Otro,Primaria,2012-05-17,,,170
736,FRaysYtJOJ,62,No responde,Universitaria,2013-06-13,Sanitas,84,167
737,IWMrAfzSIg,24,Masculino,Posgrado,2016-09-23,Nueva EPS,67.1,164
738,wbafEcAOFk,31,Masculino,Primaria,2018-08-24,Sanitas,63.7,161
739,tBPXWZxMsN,24,Masculino,Técnica,2016-02-24,Sanitas,61.6,172
740,svqOIKblJk,70,Femenino,Universitaria,2020-08-10,Sura,78.3,155
741,PmgcfahuMq,78,Femenino,Secundaria,2023-12-09,Sanitas,58.3,137
742,JMVeNNjLsh,75,Masculino,Posgrado,2025-01-25,Nueva EPS,64.4,177
743,OkGabBBIIb,80,Masculino,Técnica,2016-11-13,Sanitas,73.5,171
744,eUGHtDPGYP,8,Masculino,Universitaria,2010-02-11,Sanitas,61.8,166
745,EexxVnhAaa,28,Masculino,Secundaria,2019-01-21,Nueva EPS,71.6,155
746,ihbmtLjkOr,,Femenino,,2014-12-26,Nueva EPS,51.8,175
747,jxSzhYBjbp,7,Masculino,Técnica,2022-11-12,Sura,64.5,166
748,LTTTGpOOzD,,Femenino,Secundaria,2018-04-24,Coomeva,99.7,165
749,JIvAhORpkO,80,Masculino,Universitaria,2022-04-23,Nueva EPS,72.5,142
750,dOrxNZVIgo,68,Femenino,Posgrado,2023-07-20,Nueva EPS,69.6,178
751,gCHAZKqPBz,1,Femenino,Secundaria,2024-02-01,Nueva EPS,67.5,174
752,TYbGaFLzHI,51,Femenino,Primaria,2017-11-07,Sanitas,61.7,152
753,AqEhAKKUkR,94,Femenino,,2019-07-29,Coomeva,52.3,151
754,vBUfFszUyg,42,Masculino,Universitaria,2010-02-16,Sura,48.1,172
755,ZeYsENpQEG,74,No responde,Primaria,2021-01-21,Sura,61.6,175
756,UXhOzPcpbj,99,Masculino,Técnica,2024-07-14,Sura,77.3,160
757,veXbZsjyef,81,Masculino,,2023-12-14,Coomeva,61.6,161
758,nuImJriEUP,98,Femenino,Universitaria,2023-11-15,Sura,71.9,169
759,UZqNIRzFWi,31,Femenino,Primaria,2014-01-01,Sanitas,66.5,149
760,jPABoPxAtR,30,Masculino,Secundaria,2024-03-14,Sanitas,90.7,166
761,nerpfithya,95,Masculino,Universitaria,2022-10-18,Sura,46.5,170
762,EYSAVaudAo,49,Masculino,Técnica,2011-01-09,Sanitas,80.8,166
763,dfFHgSDWcE,15,Femenino,,2017-06-30,Coomeva,63.1,170
764,tIRPSpMZAj,94,Masculino,Primaria,2017-08-20,,85.5,180
765,IdMhwiCpOP,20,Masculino,Secundaria,2010-11-03,,69.4,159
766,ZenXiagCRZ,92,Masculino,Universitaria,2014-08-14,,58.9,181
767,GqInyOLIiV,76,Femenino,Primaria,2013-08-31,Sanitas,84.9,159
768,xpKXViEzcV,14,Masculino,Posgrado,2016-03-04,Nueva EPS,64.4,148
769,quWUycRvHU,32,Masculino,Posgrado,2011-01-29,Sanitas,62.1,180
770,zxqIaDBWVL,22,Femenino,Técnica,2012-01-03,Sanitas,79.4,176
771,wcQECQlvTD,93,Femenino,Primaria,2021-02-02,Sura,77.1,184
772,QgjVJaHGKb,5,Femenino,Posgrado,2017-10-14,Sanitas,79.4,168
773,YobRbQlBjb,14,Femenino,Primaria,2010-02-04,Nueva EPS,93,172
774,uTUiXYQSMk,,Femenino,Técnica,2016-07-19,Nueva EPS,66.5,166
775,xKXqrGLHPU,58,Masculino,Técnica,2015-06-13,Sanitas,49.1,190
776,cCsSHEujdm,1,Femenino,Secundaria,2011-08-24,Nueva EPS,60.5,172
777,uwhIfjYRtO,40,Masculino,Primaria,2017-08-16,Sanitas,54,154
778,ACufXhUjZM,57,Femenino,Secundaria,2010-04-15,Sura,75.7,149
779,LcfZfNjeul,11,No responde,Posgrado,2023-02-15,Sura,96.6,168
780,vwiqkbwMtV,46,Femenino,Universitaria,2015-05-23,Sura,89.6,170
781,zeBFCEZzcL,53,Femenino,,2017-01-22,Sanitas,56.7,163
782,RpYXakrIUz,62,Femenino,Posgrado,2018-04-08,Coomeva,68,165
783,qNroYBphKu,5,Femenino,Primaria,2013-09-26,Sanitas,70.9,152
784,oYxjEWWOAr,70,Masculino,Posgrado,2023-07-03,Nueva EPS,78.6,164
785,bHqLDgIGoL,3,Femenino,Secundaria,2021-02-07,Coomeva,88,181
786,odNldiyVSQ,55,Femenino,Secundaria,2021-09-27,Nueva EPS,73.4,158
787,WWUilVrGOC,57,Masculino,Técnica,2023-12-07,Sura,52.9,180
788,UDVlQIVBqK,90,Masculino,Técnica,2022-11-29,Nueva EPS,83.1,166
789,ygsYFxtvlN,13,Femenino,Secundaria,2025-05-26,Sura,74.8,157
790,UcXEPyZDNk,,Masculino,,2023-03-08,Coomeva,63.5,164
791,nrYcCFiRlP,61,Masculino,Universitaria,2013-01-10,Sanitas,60.4,171
792,BZAjyToUDN,37,Femenino,,2024-04-29,Nueva EPS,43.6,156
793,owYbZzmBqt,25,Masculino,Posgrado,2021-04-23,Sura,61.9,160
794,YpyKpxEbsc,61,Masculino,Universitaria,2011-01-04,Nueva EPS,69.1,183
795,cjypYXhMFD,72,Masculino,Posgrado,2013-07-29,Nueva EPS,39.3,153
796,KfjrzkLDny,4,Masculino,Técnica,2021-06-08,Nueva EPS,63.6,161
797,JFFByukITA,23,Otro,Secundaria,2019-07-21,Sanitas,61,170
798,bsnElSUerX,25,Masculino,Técnica,2013-12-11,Sura,81.9,167
799,KbvOvZjSbv,30,Masculino,Secundaria,2018-10-21,Sura,101.1,168
800,bnqdWMQGxe,82,Masculino,Primaria,2022-07-01,Nueva EPS,85,161
801,ozVQYUqrkg,71,Femenino,Secundaria,2013-11-04,Sura,51.3,153
802,NtHgKXkmoo,87,Masculino,Universitaria,2012-04-01,Sanitas,98.7,174
803,DytqhvRKNU,82,Masculino,Universitaria,2014-04-09,Nueva EPS,83.4,157
804,TZnrYiiQQQ,20,Masculino,Universitaria,2012-02-16,Nueva EPS,88.7,167
805,JBHnxVYSfm,47,Femenino,Secundaria,2019-05-27,,79.3,161
806,siLfuQnqLK,41,Masculino,Universitaria,2012-05-31,Sanitas,70.5,182
807,IZWrNzTHjs,42,Masculino,Universitaria,2024-07-08,Sanitas,60.6,172
808,HpOfPNddap,50,Femenino,Primaria,2019-12-22,Coomeva,66.2,156
809,rlQbkoabdG,4,Masculino,Primaria,2025-02-09,Sanitas,59.4,180
810,DDTXVyzpXk,57,Masculino,Universitaria,2011-09-19,Sanitas,83.7,186
811,AkMgfmQZgW,61,Masculino,Primaria,2019-12-16,Coomeva,57,164
812,BOupKKwbvL,26,Otro,Universitaria,2021-08-09,Sanitas,67.6,150
813,zsoBLwMnGx,82,Masculino,Universitaria,2010-05-14,Coomeva,75.1,167
814,HDTmCUWMRo,4,Masculino,Universitaria,2020-05-07,Coomeva,83.2,163
815,zQHCiATiiv,40,Femenino,Secundaria,2010-06-13,Nueva EPS,58.8,164
816,JgzOZHODzY,,Masculino,,2025-03-09,Sura,53.9,151
817,tUaUoZCtQs,10,Femenino,Universitaria,2017-08-06,,85,170
818,zqQMfQqSXo,46,Femenino,Técnica,2018-12-26,Sanitas,51,166
819,aeqxmRnzhd,37,Femenino,Técnica,2011-08-23,Sura,61.5,175
820,CvywODFZMj,56,Femenino,Técnica,2022-02-20,Nueva EPS,84.5,162
821,lkjYKaUuJU,41,Masculino,Universitaria,2022-09-01,Nueva EPS,52.1,156
822,opuwSIpRIy,26,Masculino,Técnica,2021-10-08,Coomeva,61.5,175
823,pjGKPPUNrz,52,Femenino,Universitaria,2015-08-12,Sanitas,53,164
824,cHgaWbYJzA,9,Femenino,,2016-05-02,Nueva EPS,81.3,164
825,EzBJEyeNDS,11,Femenino,Primaria,2022-12-09,Nueva EPS,72.9,179
826,YskPcBkJTR,52,Femenino,Técnica,2017-11-22,Nueva EPS,61.8,157
827,rQHeKLJrHI,80,Masculino,Técnica,2022-09-06,Sura,73.5,146
828,JjMqidGBwb,84,Femenino,Técnica,2011-03-10,Nueva EPS,60.2,157
829,GBwaowvLGP,38,Femenino,Secundaria,2015-10-16,Sanitas,85.6,190
830,qcTNETSPhU,52,Masculino,Primaria,2024-07-06,Sura,61.3,157
831,BamVgpyotM,80,Masculino,Técnica,2023-08-03,Sanitas,77.5,168
832,liNkHZOTbS,80,Femenino,Técnica,2015-12-29,Nueva EPS,70.3,157
833,jxtDNJpOuL,,Masculino,Primaria,2016-11-05,Sanitas,51.3,164
834,hDZHszXEYR,76,Femenino,Universitaria,2019-06-14,Sanitas,57.1,170
835,YcQBrRUhKW,100,Femenino,Universitaria,2014-09-17,Sura,69.1,168
836,OqMKXoZnsX,71,Femenino,Técnica,2017-10-15,Coomeva,92.1,172
837,DzxsglTQOp,7,Masculino,Primaria,2020-06-26,Nueva EPS,56.4,156
838,XvjxsuMDGs,21,Masculino,Universitaria,2019-09-28,Nueva EPS,44.6,164
839,wJVWanykex,71,Femenino,Secundaria,2011-03-15,Sura,48.2,157
840,uSnSeuIhEP,1,Femenino,Primaria,2023-02-28,Coomeva,56.7,157
841,juUaFMCcKA,51,Masculino,Secundaria,2022-04-11,,74.8,171
842,DMehavDrnl,48,Masculino,,2016-03-13,Nueva EPS,59.9,148
843,KjyFTNIjHV,54,Femenino,Secundaria,2023-10-01,Sanitas,64.7,159
844,YtbbgrFjdu,24,Masculino,Primaria,2021-07-07,Sanitas,82,167
845,mAzLQEEvpt,46,Femenino,Secundaria,2011-11-22,Sanitas,74.4,192
846,JljwVZCPyB,98,Masculino,Universitaria,2018-08-28,Sanitas,68.8,165
847,LVXsVGRNTa,92,Femenino,Secundaria,2017-05-12,Sura,43.7,170
848,avfwGPmYZx,0,No responde,,2014-04-18,Sanitas,44,173
849,aUCLvBvItJ,53,Femenino,Universitaria,2018-04-13,Coomeva,49,163
850,YzvzDqbgwP,6,Femenino,Primaria,2020-07-03,Coomeva,85.9,158
851,LUYskQLZsi,34,Masculino,Universitaria,2011-07-04,Sura,83.6,162
852,diVEWRcGyA,44,Femenino,Técnica,2020-12-21,Sura,81.4,176
853,baQuYsfAhX,88,Masculino,Secundaria,2013-11-08,Sura,42.4,165
854,NWApLhksWa,11,Masculino,Universitaria,2014-12-06,Nueva EPS,69.7,152
855,qzOhrHRGFr,89,Femenino,,2014-09-17,,113.2,161
856,CmiUFzeAPz,5,Masculino,Universitaria,2017-03-30,Sura,68.5,152
857,sioPAcSzTB,99,Femenino,Universitaria,2018-08-07,Nueva EPS,67.3,176
858,lqJqBfaXMK,15,Masculino,Técnica,2012-07-05,Nueva EPS,71.1,176
859,vjgQWbqLsT,98,No responde,Universitaria,2016-01-14,Sanitas,62.5,161
860,gUQRMUyXcU,1,Femenino,Secundaria,2014-09-14,Sanitas,63,168
861,rrPBbCzNJo,23,Masculino,Secundaria,2019-09-19,Sanitas,56.5,156
862,EhLeWSkkBH,33,Masculino,Secundaria,2014-02-13,Sanitas,29.1,157
863,MlfMsgzcxO,3,Femenino,Universitaria,2020-11-03,Sanitas,66.3,145
864,ynaAdNgyEF,40,Masculino,Posgrado,2019-06-27,Sanitas,70.4,173
865,DppoxFxasc,87,Femenino,Secundaria,2014-06-09,Nueva EPS,83.6,164
866,SQVqWNzRFT,57,Femenino,Posgrado,2019-08-24,Sura,69.4,175
867,UyhXvAZHnP,72,Masculino,Universitaria,2011-05-29,Sura,73.6,158
868,TokvJcEYya,38,Femenino,Primaria,2019-03-16,Nueva EPS,73.8,172
869,ACbPZHrDUj,15,Masculino,Secundaria,2023-11-13,Sura,61.1,169
870,aNzIqFaikL,17,Masculino,Técnica,2010-09-12,Nueva EPS,53.7,182
871,GVAeKhgvDb,50,Femenino,Universitaria,2018-04-18,Nueva EPS,106.5,183
872,jUCEdFYDNJ,41,Masculino,Universitaria,2015-07-27,Nueva EPS,,160
873,TrwoCUCZei,42,Femenino,Secundaria,2021-09-13,Sanitas,77.2,164
874,GrJiHnsjsR,83,Masculino,Universitaria,2013-02-24,Nueva EPS,81.2,146
875,vetDXUaIEg,99,No responde,Primaria,2016-12-26,Sanitas,78.1,160
876,IzjCcOFWnt,13,Femenino,Técnica,2011-11-24,Sanitas,67.5,154
877,Crqktyjbra,38,Femenino,Secundaria,2017-02-27,Nueva EPS,85.8,171
878,FwjOqawhJT,19,Femenino,Técnica,2018-02-17,Sura,41.4,159
879,JmbyvHVjgQ,42,Otro,Universitaria,2022-01-15,Sanitas,53.7,162
880,AWgYHpneiv,82,Femenino,Universitaria,2024-03-25,Nueva EPS,57.1,154
881,ReHFmRjlhh,42,Masculino,Universitaria,2017-10-20,Coomeva,80.9,179
882,BbxHUUaDgx,40,Masculino,Universitaria,2010-08-22,Sanitas,79.5,167
883,bxABHIHevY,19,Femenino,Universitaria,2018-10-12,,41.7,154
884,qogSdlMynB,23,Masculino,Secundaria,2013-08-12,Coomeva,79,175
885,qVtDIfFDkc,92,Masculino,Secundaria,2013-06-11,Sanitas,65.6,158
886,xDzKWOmBJS,58,Masculino,Primaria,2022-01-17,Sanitas,54.4,165
887,DMRmDwSELb,2,Femenino,Secundaria,2011-08-06,Nueva EPS,79.7,163
888,PTJBnJepoT,4,Femenino,Primaria,2025-06-29,Nueva EPS,78,
889,zeEfFpvodu,66,Femenino,Primaria,2012-09-05,Sura,68,171
890,NFDjWvZrEX,25,Masculino,Secundaria,2010-01-17,Nueva EPS,65.9,
891,HhCniTuePG,17,Femenino,Secundaria,2015-07-06,Sanitas,93.5,171
892,BerSGIosnh,,Masculino,Primaria,2021-06-18,Sanitas,80.5,192
893,xKwYsafWxN,45,Masculino,Posgrado,2023-05-08,Sanitas,54,164
894,zxGFpEguUp,80,Masculino,Secundaria,2022-03-02,Nueva EPS,84.5,148
895,kKPKDJGFaz,50,Masculino,Universitaria,2021-05-08,Sanitas,72.5,167
896,FcUXHgwHTm,3,Masculino,,2015-05-17,,91.5,171
897,hmsWlnqZqw,58,Femenino,Técnica,2011-08-15,Sanitas,65.2,165
898,rCENdQdxed,1,Masculino,Técnica,2017-07-21,Sura,77.2,176
899,lPkwHmylQH,41,Masculino,ninguna,2013-07-15,Sanitas,60.7,159
900,UEGaYkpjyc,97,No responde,,2018-07-08,Sura,79.1,159
901,QvvbfXwlAd,31,Masculino,,2024-08-15,Coomeva,72.6,172
902,fRfvhCJgSv,97,Femenino,Universitaria,2018-01-13,Nueva EPS,64.3,165
903,pCKlRYkRZs,30,Femenino,Universitaria,2014-12-05,Sura,39.9,165
904,hPwPvFgDVm,14,Masculino,,2016-03-31,Sanitas,40,166
905,mqXYPgsPtv,71,Femenino,Primaria,2014-12-07,Nueva EPS,80.3,158
906,ACplfqXfnf,49,Masculino,Técnica,2020-07-09,Sura,74.2,161
907,wnTYrpwhxY,96,Masculino,Secundaria,2018-06-22,Sanitas,92.2,169
908,URHJiZHpwx,87,Masculino,Posgrado,2014-01-05,Nueva EPS,59,165
909,icgiKdWvCR,95,Masculino,Secundaria,2022-11-04,Sura,58.8,168
910,NcDxNNOpsL,17,Femenino,Primaria,2020-03-05,Sura,74.5,151
911,QxUVoaNmad,77,Masculino,Posgrado,2011-03-30,Nueva EPS,93.5,162
912,GsVPgpxtzN,45,Otro,Posgrado,2024-09-15,Sura,105,166
913,uxbbfZZzRa,24,Masculino,Primaria,2010-01-15,Nueva EPS,69.9,165
914,WSMnwDRnqj,55,Femenino,Secundaria,2018-03-26,Sanitas,64.5,
915,YAqvwTehsH,84,Femenino,Secundaria,2024-03-24,Nueva EPS,61,174
916,vIdeieWScJ,28,Femenino,Secundaria,2020-12-27,Sanitas,92.8,168
917,xYHxZdHJNN,18,Masculino,Universitaria,2021-01-19,Nueva EPS,73.4,149
918,qmiURKpsOp,64,Femenino,Técnica,2022-01-07,Sanitas,67.3,158
919,hJkdxHWhOs,67,Femenino,Primaria,2021-11-01,Sanitas,60.1,184
920,RVPstGkMFq,75,Femenino,Primaria,2016-06-12,Sanitas,85.7,169
921,myjowyhsYw,74,Femenino,Técnica,2016-09-16,Sanitas,77,168
922,aGlmDCCdTS,0,Masculino,Técnica,2014-07-13,,82.2,158
923,fERVIPFLAs,51,Femenino,Universitaria,2017-06-11,Sura,76.4,160
924,PthXmraAEp,44,Femenino,Posgrado,2015-09-09,Coomeva,64.4,181
925,wxgGcHuVSg,5,Masculino,Secundaria,2019-10-11,Nueva EPS,87,166
926,lPVjOYAljB,72,Masculino,Universitaria,2018-08-07,Sanitas,93.4,163
927,DUExFqGSZI,83,Femenino,Técnica,2014-05-09,Sanitas,66,164
928,BMDOcoMZxg,12,Femenino,Secundaria,2013-02-22,Sanitas,69.3,159
929,zqosRjsojO,26,Masculino,Secundaria,2013-08-24,,86.9,162
930,RUcRGtEaJN,72,Masculino,Técnica,2018-06-27,Nueva EPS,76.7,177
931,XXywDvHISO,46,Masculino,Técnica,2015-03-16,,86,171
932,KdcscrUslL,48,Masculino,Técnica,2015-03-14,Nueva EPS,57.2,161
933,EXwnoGhoKX,27,Masculino,Secundaria,2024-09-11,Sura,46.2,160
934,PiUWWXVrig,92,Femenino,Primaria,2024-03-19,Sanitas,77.1,169
935,tCtZHYnDpm,77,Masculino,Secundaria,2015-06-20,Sura,73.9,164
936,IIYiSHrsAe,,Femenino,Universitaria,2010-09-12,Sura,86,140
937,NOJoZBgxbB,88,Femenino,Secundaria,2019-06-12,,97.8,150
938,nHFINDwGJj,16,Femenino,Secundaria,2023-01-16,Sura,67.1,158
939,vQHbDXOoWL,99,Masculino,Universitaria,2016-08-29,Nueva EPS,60.8,169
940,oIYrQzdzQK,23,Masculino,Secundaria,2019-09-08,Nueva EPS,59.7,142
941,AHjzUvHRiK,,Masculino,Primaria,2012-12-12,Sanitas,37.9,163
942,xpPzDuiahI,1,Masculino,Técnica,2014-11-12,Coomeva,67.9,157
943,uNPnjbTdDi,77,Femenino,Posgrado,2015-05-01,Sura,64.8,159
944,fSuPQoytKL,85,Femenino,Secundaria,2012-05-20,Sura,64.5,160
945,oDkiTdNfgW,92,Masculino,Universitaria,2018-11-26,Nueva EPS,67.7,168
946,gjFywALsXV,92,Femenino,Primaria,2022-07-08,Coomeva,54.6,165
947,zVeRxHzTdi,34,Femenino,Técnica,2022-06-08,Sura,78.8,160
948,uRdLPuXhCb,91,Femenino,Secundaria,2011-09-26,Sura,81.6,150
949,CSSbqYFgbN,23,Masculino,Secundaria,2020-08-30,Coomeva,63.4,165
950,jByBKOhAba,51,Femenino,Primaria,2023-08-22,Sura,50.7,171
951,ZgyfwgYhKk,51,Femenino,Primaria,2023-05-20,Sanitas,87.6,146
952,ASybgiklTu,16,Masculino,Secundaria,2022-11-03,Nueva EPS,67.7,166
953,OuCAkwfwgT,100,Masculino,,2017-11-09,,86,164
954,bHYRRtfnfw,38,Masculino,Secundaria,2021-08-05,Nueva EPS,48.1,160
955,NMMjnjUHKf,14,Femenino,Universitaria,2017-08-15,Nueva EPS,66.3,156
956,sugrbcTKpW,24,Femenino,Técnica,2025-07-05,Sura,38.1,167
957,IXHjpXguKi,86,Femenino,Secundaria,2011-10-26,Sanitas,81.4,166
958,PdqVugXWuu,28,Masculino,Secundaria,2015-03-22,Sura,97.7,162
959,DdrnUrJSWh,2,Femenino,Técnica,2016-11-22,Sura,78.4,166
960,WMrcXHvCQl,15,Masculino,Secundaria,2013-02-10,Sura,68,168
961,bSDXdGFQUz,76,Masculino,Posgrado,2013-07-29,Sura,83.7,170
962,jDOnoxRYCb,71,Masculino,,2017-03-20,Sanitas,70.2,160
963,NkpJuEHgeY,64,No responde,Universitaria,2015-04-01,Sura,42.9,167
964,nGVMxgfdLc,38,Femenino,Universitaria,2017-09-16,Sanitas,42.5,176
965,ZPNxuzjtiH,59,Masculino,Universitaria,2012-07-20,Sanitas,95,168
966,fcMTFjwzxD,96,Masculino,Secundaria,2011-11-23,Coomeva,62.4,173
967,pCwvaaVJSr,97,Femenino,Primaria,2021-08-18,Sanitas,84.7,161
968,iNHgktriuO,72,Masculino,Técnica,2010-06-11,Nueva EPS,93.1,157
969,nNGdFgmdeW,10,Masculino,Primaria,2021-04-09,Sura,60.8,156
970,AowjFPXaAy,59,Femenino,Universitaria,2020-11-21,Sanitas,68.7,170
971,burJXkcXqb,80,No responde,Universitaria,2017-04-22,Nueva EPS,78.6,172
972,lXpdNLxLpT,42,Femenino,Universitaria,2012-05-13,Sanitas,99.5,181
973,IiuXrPYZNy,30,Masculino,Universitaria,2025-07-16,Nueva EPS,72,167
974,gEtBKWoDiz,82,Masculino,Primaria,2015-10-24,Sura,84.2,161
975,SdJatYxhIF,60,Femenino,Posgrado,2019-11-18,Sura,81.9,175
976,ZxNAViVGhS,78,Femenino,Universitaria,2023-10-18,Coomeva,81.1,183
977,OKQMfnBbIp,80,Femenino,Técnica,2018-05-04,Sura,87.6,186
978,VgsyFHpFlZ,55,Femenino,Técnica,2023-09-06,Sura,81.8,161
979,txhrUAoAPc,1,Femenino,Secundaria,2016-02-11,Nueva EPS,76.6,165
980,UtftSbYZjx,93,Masculino,Posgrado,2016-01-05,Sanitas,72,173
981,LSAsRXUVvB,59,Femenino,Universitaria,2019-07-31,Nueva EPS,68.9,148
982,CrwavDEJnF,99,Femenino,Universitaria,2015-09-17,Sanitas,90.3,164
983,BTPiUAhNhv,59,Masculino,Primaria,2016-02-04,Coomeva,76.8,169
984,toynzCdpZe,4,Masculino,Universitaria,2024-05-18,Coomeva,67.2,154
985,cQgnfGZLKg,46,Masculino,Técnica,2023-07-13,Sanitas,40.6,180
986,IedSxcNuDn,73,Femenino,Universitaria,2024-12-22,Sanitas,64.3,160
987,uUZtCENPnj,94,Femenino,Secundaria,2011-03-16,Sura,51.2,169
988,ReXLaQMzmo,98,Femenino,Primaria,2021-03-18,Sura,54.6,148
989,mcxQpWkJcr,93,Masculino,Secundaria,2021-07-18,Coomeva,62,169
990,NUbNxnYNRe,11,Femenino,Universitaria,2013-11-20,Sanitas,67.8,158
991,YwupyaqGQx,29,Masculino,Secundaria,2018-03-17,Nueva EPS,64.5,161
992,KBtiChkjjp,33,Masculino,Universitaria,2020-08-06,Nueva EPS,64.2,166
993,OxFSfRRUkh,75,Femenino,Universitaria,2023-08-03,,79.1,168
994,LIckCAyNgJ,42,Masculino,Universitaria,2010-03-18,Sura,82.5,139
995,fZLUzSyiCs,,Femenino,Universitaria,2016-09-03,Sura,43.6,
996,eNxiWaFtoz,0,Masculino,Universitaria,2024-06-17,Nueva EPS,87.1,167
997,qRwJKVnInr,,Femenino,Secundaria,2023-05-16,Sanitas,82.3,164
998,yyvnkbLEAY,14,Femenino,Universitaria,2011-08-03,Nueva EPS,59.2,166
999,qmpuWygwoj,74,Masculino,Universitaria,2010-01-10,Sanitas,62.3,170
1000,nkSwnuPlZW,58,Femenino,Primaria,2018-09-18,Nueva EPS,71.6,158
