codentidad,nombreentidad,activos,ingresos
1489,COOPERATIVA DE CAFICULTORES DEL OCCIDENTE DE ANTIOQUIA,22069501573,66011752158
15312,MADRE TIERRA COOPERATIVA AGROPECUARIA,9903613204.07,5008620882.82
7174,COOPERATIVA DE TRABAJO ASOCIADO AGROPECUARIO GENETICA Y TECNOLOGIA,1013908575.02,2077009471.97
15366,COOPERATIVA MULTIACTIVA LA ESPIGA DE ARROZ DEL CASANARE,104402398,520168852
4958,COOPERATIVA DE PRODUCTORES DE CARBON DE CERRO GUAYABO COOPROCARCEGUA,38141990827.57,36456292381.85
13032,COOPERATIVA DE TRABAJO ASOCIADO AGRO Y DERIVADOS,2227091496,2567761172
3365,COOPERATIVA PALMAS RISARALDA LTDA,20615741053,17084788672
4527,COOPERATIVA LECHERA DE CORDOBA,24477107487,46046876084
3125,COOPERATIVA DE PANIFICADORES DE SANTANDER,17583889352,8524637973
3843,COOPERATIVA MULTIACTIVA DE HILADOS DEL FONCE LIMITADA,16460710727.64,20460981425.09
6474,EMPRESA COOPERATIVA MANANTIALES,5328173851,2450173193
1416,INDUSTRIA COOPERATIVA DE MARINILLA,15039612883.83,9670582654.91
8379,COOPERATIVA INDUSTRIAL DE MARINILLA COOPERATIVA DE TRABAJO ASOCIADO,21009703871.01,12424110136.96
1409,EMPRESA COOPERATIVA EL SANTUARIO COOPERATIVA DE TRABAJO ASOCIADO,12746921599.78,10287198663.58
2042,INDUSTRIAS INTEGRADAS.TALLERES RURALES DEL VALLE COOPERATIVA DE TRABAJO ASOCIADO,6836129595.72,7878107559.75
9776,COOPERATIVA MULTIACTIVA MACROMEDCOOP,9879887010,2423990260
11217,COOPERATIVA DE TRABAJO ASOCIADO CARPINCOOP,449908783,928136373
8439,COOPERATIVA DE TRABAJO ASOCIADO LOS CHIGUANOS,2,0
15736,COOPERATIVA MULTIACTIVA MATERIALES DEL CARIBE,2451068226.79,57125867908.6
7352,COOPERATIVA DE TRABAJO ASOCIADO EL LAUREL,196343637,156657871
8808,COOPERATIVA DE TRABAJO ASOCIADO LA PAZ LIMITADA,226851730,170260747
6385,COOPERATIVA DE TRABAJO ASOCIADO ANDINA,153345711.81,161620857
10325,CPI GROUP PROJECT AND INVESTMENT COOPERATIVE,12593611876.2,795239958.42
462,COOPERATIVA DE TRABAJO ASOCIADO LOS ARRAYANES CTA.,2,0
13426,COOPERATIVA DE CAFICULTORES DELSUROSTE DE ANTIOQUIA,66400293039.19,4756543622.19
1653,COOPERATIVA AGROPECUARIA DE ENTRERRIOS LTDA,9575332244.57,30545773801.68
2703,COOPERATIVA DE CAFICULTORES DE ANSERMA,25574849897,60077451571
7394,COOPERATIVA MULTIACTIVA EXPORTADORA DE CAFE COOMEXCAFE,4199687007.7,49291207527.75
8203,CENTRAL COOPERATIVA INDIGENA DEL CAUCA,24639634178,51084769284
4074,COOPERATIVA MULTIACTIVA ALGODONERA DEL DEPARTAMENTO DEL CESAR,12767921920,259272774
13579,COOPERATIVA REGIONAL DE CAFES ESPECIALES GLOBAL CAFES,9719727190.9,44926689402.42
6814,COOPERATIVA DE PRODUCCION COMERCIALIZACION Y EXPORTACION DE CAFE AGROEXCAFE LT,2539120186,56182362977
11975,COOPERATIVA CAFETERA DE LA COSTA - CAFICOSTA,6924753577.15,29721266760.84
3433,COOPERATIVA DE CAFICULTORES DEL NORTE DE NARI#O LTDA.,26239766143.93,69827092405.12
3150,COOPERATIVA DEPARTAMENTAL DE CAFICULTORES DEL QUINDIO,25609622453,51935847230
1673,COOPERATIVA DE CAFICULTORES DE SANTA ROSA DE C. LTDA.,10046487635.59,5413697358.2
3385,COOPERATIVA CAFETERA DEL NORORIENTE COLOMBIANO COOPECAFENOR,18067412419.11,20461167290.54
2485,COOPERATIVA SERVIARROZ,66028495078.34,30070363512.61
13641,COOPERATIVA DE PRODUCTORES AGRICOLAS Y PECUARIOS LIMITADA,1449755956,22283347863
16474,COOPERATIVA DE AGRICULTORES DEL VALLE,6789888316.17,17515875462.2
4055,COOPERATIVA DE CAFETALEROS DEL NORTE DEL VALLE,41501044489.05,68450912525.5
2102,COOPERATIVA DE CAFICULTORES DEL SUROCCIDENTE DEL VALLE,18754165419.41,65982253178.08
1958,COOPERATIVA DE CAFICULTORES DE SEVILLA,12215636098.53,23726531118.69
2176,COOPERATIVA DE CAFICULTORES DEL CENTRO DEL VALLE  CAFICENTRO,18744817234.16,59344389438.96
13535,COOPERATIVA TERRITORIAL DEL CAFE- COTECAFE,15160784807.91,46262203133.19
359,EMPRESA AGROINDUSTRIAL COOPERATIVA,11983072224,43193789846
6561,COOPERATIVA MULTIACTIVA VALLE MULTICOLOR,1172115660.78,946282721.23
8384,DISTRIBUIDORA NACIONAL COOPERATIVA MULTIACTIVA,597352553.05,4895.72
15776,COOPERATIVA MULTIACTIVA AGROEMPRESARIAL,3690631710.31,3291128926.34
15597,COOPERATIVA MULTIACTIVA DE MI TIERRA VALLE,1000858544.27,1108369359.22
15325,COOPERATIVA MULTIACTIVA RESPLADOR,1512860805.27,13950433.78
104,ADMINISTRACION COOPERATIVA DE HOSPITALES Y MUNICIPIOS DE CUNDINAMARCA,494020408,2912747512
11252,COOPERATIVA MULTIACTIVA DE PRODUCCION DISTRIBUCION Y SERVICIOS FARMADISA,37755694763,8054692465
2840,COOPERATIVA DE ENTIDADES DE SALUD DE CORDOBA,11743155879.69,14531647105.59
1695,COOPERATIVA DE ENTIDADES DE SALUD DE RISARALDA,10225078587.96,14135626215.56
3099,COOPERATIVA DE HOSPITALES DE SANTANDER Y EL NORORIENTE COLOMBIANO,16774588343,24912496819
2490,ADMINISTRACION COOPERATIVA DE ENTIDADES DE SALUD DEL TOLIMA,17614279001.49,18314263128.09
934,COOPERATIVA MULTIACTIVA DE PRODUCTORES DE CARBON DEL VALLE DE UBATE,10475468067.9,24048525647.27
125,COOPERATIVA INTEGRAL DE PRODUCTORES DE CARBON,16740656281,18361677428
8894,COOPERATIVA DE LA CONSTRUCCION EL PALUSTRE,7541364002.84,88160955.41
2787,COOPERATIVA MULTIACTIVA AGROPECUARIA DEL HUILA,74364921430,53230297980
69,"COOPERATIVA DE IMPRESORES DE BOGOTA, COIMPRESORES BOGOTA",52484046378,25703228436
3403,COOPERATIVA DE IMPRESORES Y PAPELEROS DEL ORIENTE LTDA,21642747674.32,21741926588.95
199,COOPERATIVA MULTIACTIVA DE DETALLISTAS DE COLOMBIA,28046330291.85,43996050247.73
1363,COOPERATIVA CONSUMO,18659647339.09,1238110085.89
2716,COOPERATIVA MULTIACTIVA COOASOBIEN,35551592658,15584651182
2839,COOPERATIVA MULTIACTIVA DE LOS EMPLEADOS DE CERRO MATOSO LTDA.,6379344231.49,4374347117.39
2453,CENTRAL COOPERATIVA DE SERV.DE CONS.Y MERC.CAFIC.DEL TOLIMA,8291974206,29785854496
4771,COOPERATIVA AGROMULTIACTIVA SAN BARTOLO,13159662321,23276884154
11497,COOPERATIVA DE PROPIETARIOS DE VEHICULOS DE LA SABANA LTDA,6078968204.23,7478773868.8
1879,COOPERATIVA DE DISTRIBUIDORES DE DERIVADOS DEL PETROLEO,8216130124,10828033745
2217,COOPERATIVA VALLECAUCANA DE TRANSPORTADORES,12763332094.95,12671974143.28
1647,COOPERATIVA MULTIACTIVA SANTA ELENA LTDA,1749817154.76,565073787.35
2244,COOPERATIVA DE GANADEROS DEL CENTRO  Y NORTE DEL VALLE,20870272219,43062010314
9622,COOPERATIVA DE GESTION FARMACEUTICA INTEGRAL EN REORGANIZACION,61185063779.69,7808740735.07
1679,COOPERATIVA DE GANADEROS Y AGRICULTORES DEL RISARALDA,24304295398.29,37836600766.21
6650,COOPERATIVA DE TRABAJO ASOCIADO SERVICARD,60900948.77,439796185.84
11114,COOPERATIVA DE TABAJO ASOCIADO CUENCA DEL RIO LAS CEIBAS,101403150,331905987
13084,COOPERATIVA DE TRABAJO ASOCIADO EL RETORNO,179261323,336077476
13666,COOPERATIVA DE TRABAJO ASOCIADO UNIBAL CTA,43648073,340977611
15349,COOPERATIVA MULTIACTIVA DE ASOCIADOS DE AVANZA,11296860871.6,2474479107.22
9321,COOPERATIVA DE VECINOS Y AMIGOS DE CALLEJONA,5557684257,804734119
3327,COOPERATIVA MULTIACTIVA DE CENTRALES ELECTRICAS DE NARI??O LTDA,6021402400.5,858894692.52
6970,COOPERATIVA MULTIACTIVA DE VIVIENDA Y PRODUCCION LA CABA#A,16165617767.23,4410120489.76
6494,COOPERATIVA MULTIACTIVA DE LA PLAZA DE FLOREZ,1566602541.64,1723814190.96
16516,FONDO DE EMPLEADOS EURO SUPERMERCADOS,332741472,135682559
16569,FONDO DE EMPLEADOS FEPYME,34897718.66,1451485.2
3613,COOPERATIVA DE TRABAJADORES  DE BANACOL,19845263622.43,5681028035.4
2931,COOPERATIVA DE EMPLEADOS DEL SECTOR ENERGETICO COLOMBIANO,33926547914.91,3256159437.19
2934,COOPERATIVA MULTIACTIVA DEL SECTOR ENERGETICO,6792731959.36,1254039098.7
2944,COOPERATIVA DE AHORRO Y CREDITO DE LOS TRABJ. Y JUB. DE LA E.M.T.,10895329557,1610104576
2945,COOPERATIVA DE TRABAJADORES DE COMFAMILIAR,7357105826.59,913093835.38
2890,COOPERATIVA DEL MAGISTERIO DEL ATLANTICO,8277625551.52,1961509288.86
194,COOPERATIVA DE DESARROLLO EMPRESARIAL,20215638310.27,2837897403.98
196,SOMOS ORGANISMO COOPERATIVO,6421353559.16,784487988.78
3805,COOPERATIVA DE FUNCIONARIOS Y EMPLEADOS DEL CONSEJO DE ESTADO,8353269026.76,461936676.17
640,COOPERATIVA NACIONAL COONALEMJUSTICIA,11274467511.8,2057568193.15
869,COOPERATIVA MULTIACTIVA DE DESARROLLO SOCIAL Y ECON??MICO,8455995392.88,915596863.74
552,COOPERATIVA DEL MAGISTERIO DE CUNDINAMARCA,13486425203.09,2228906520.04
933,COOPERATIVA DE CREDITO CORVINDE,23583666363.85,2431097086.61
3668,COOPERATIVA DE ASOCIADOS MENTSALUD,626697250.25,59153692
827,COOPERATIVA DE TRABAJADORES DE LA BENEFICENCIA DE CUNDINAMARCA,10140616639.51,982905537.02
570,COOPERATIVA DE SUBOFICIALES NAVALES,11460932412.14,891160472.86
572,COOPERATIVA MULTIACTIVA DE SERVICIOS ANDINA,15569839840.39,2353500222.34
955,COOPERATIVA FAMILIA HENKEL COLOMBIANA S.A.S.,7623198016.72,730258258.92
1032,COOPERATIVA DE EMPLEADOS PANAMERICANA LIBRERIA FORMAS IMPRESOS,5349227906.9,493419369.02
963,COOPERATIVA DE SUBOFICIALES COOLEGUIZAMO,5104558924.58,501419303.21
965,COOPERATIVA MULTIACTIVA DEL PERSONAL DEL SENA,38114462561.16,4859498597.97
1155,COOPERATIVA DE EMPLEADOS THOMAS IMPRESORA PROSEGUR TRANSPORTADORA DE VALORES FILIALES Y OTRAS,6721435266.72,496281312.05
365,COOPERATIVA DE TRABAJADORES DE LA CASA EDITORIAL EL TIEMPO S.A. Y DE LAS EMPRESAS DE COMUNICACION EN COLOMBIA,11979458969.88,1269453989.75
3794,COOPERATIVA MULTIACTIVA REDIL,3794037014.69,871389227.4
4292,COOPENTEL,19747909727.09,1774150505.75
563,COOPERATIVA DE EMPLEADOS Y EX EMPLEADOS DE CITIBANK COLOMBIA,25601368062.56,2442281825.81
922,COOPERATIVA MULTIACTIVA DE PROFESIONALES SOMEC,61384671696.38,7354401553.63
3835,COOPERATIVA EMPLEADOS DE LATINOAMERICANA DE SEGUROS LTDA.,12631873158,1063688287
408,COOPERATIVA DEL COMERCIO EXTERIOR COLOMBIANO,8248223138.12,413538329.56
218,COOPERATIVA MULTIACTIVA DE LA UNIVERSIDAD NACIONAL ABIERTA Y DISTANCIA,9993689199.76,1134515572.06
598,COOPERATIVA DE TRABAJADORES DE LA DIRECCION DE IMPUESTOS Y ADUANAS NACIONALES,16892961631.23,2198923632.42
843,COOPERATIVA DE EMPLEADOS DEL MINISTERIO DE RELACIONES EXTERIORES,9111309064.87,659513038.17
189,COOPERATIVA DE TRABAJADORES DE ERICSSON DE COLOMBIA LTDA,9537011827.98,680499893.17
6202,COOPERATIVA DE LOS SERVIDORES DE LA FISCALIA GENERAL DE LA NACION,12880385946.09,1294038088.19
993,COOPERATIVA DE CREDITO DE PENSIONADOS DEL IDEMA,2823354445.91,643141547.9
7838,COOPERATIVA MULTIACTIVA ACTIVACOOP Y TAMBIEN PODRA IDENTIFICARSE CON LA SIGLA ACTIVACOOP,7364309666.6,834745225.02
405,COOPERATIVA NACIONAL MULTIACTIVA GRUPO ASOCIATIVO COONALTRAGAS,17236242129.82,1245957781.54
745,COOPERATIVA MULTIACTIVA DE LOS SERVIDORES Y PENSIONADOS DE LA SALUD,20645788791.44,1644602608.57
390,COOPERATIVA DE TRABAJADORES UNIDOS EL BOSQUE,25704834776.49,1789623150.05
2821,COOPERATIVA DE APORTE Y CREDITO DEL SECTOR PETROLERO,17039115972.45,1237633796.64
413,"COOPERATIVA DE EMPLEADOS DE LOS SECTORES TRABAJO,SALUD Y PROTECCION SOCIAL",11412875287.92,1000809284.84
252,COOPMSD,13037517429.91,1243473034.6
274,COOPERATIVA DE SERVIDORES PUBLICOS,20537229111.45,1929482382.02
429,COOPERATIVA DE APORTE Y CREDITO DE COLOMBIA,22421308948.51,2867571803.16
812,COOPERATIVA DE TRAB. Y PENS. DE ESTAB. Y EMP. DEL MIN. DE AGRICULTURA,30829224434.72,3888834095
876,COOPERATIVA DE TRABAJADORES DE LA CASA EDITORIAL EL TIEMPO,9171427209.07,791316426.84
5869,TRAVEL GROUP ENTIDAD COOPERATIVA,7901998509,1112504675
929,COOPERATIVA NACIONAL DEL SECTOR DE LAS COMUNICACIONES Y ENTIDADES AFINES Y RELACIONADAS LTDA,49505395621.5,3016971196.32
6002,COOPERATIVA COLOMBIANA DE CREDITO Y SERVICIOS,8339612090.62,1543800566.26
4729,COOPERATIVA MULTIACTIVA TRANSPORTADORA DE GAS INTERNACIONAL,36610123664.57,1169613434.98
200,COOPERATIVA MULTIACTIVA CRUCIAL,4196007857,1554615601
9661,COOPERATIVA AMIGOS DE LA PAJARERA,7586490420.04,877152545
9300,COOPERATIVA INVERSIONES Y PLANES DE LA PAZ LTDA.,13937716567,31134499184
10537,COOPERATIVA DE APORTE Y CREDITO,3294825808.72,424829318.74
11218,COOPERATIVA COOPERAEL,8976228565.53,638469820.97
11748,COOPERATIVA MULTIACTIVA TALENTUM,31584999732.14,2282386050.49
13665,COOPERATIVA MULTIACTIVA BOYACENCSE,430597940.89,92685259.59
15166,COOPERATIVA SU PRESENCIA,11795149655.73,892122652.41
15594,COOPERATIVA MULTIACTIVA DE LA UNION,542754803,131254155
7561,COOPERATIVA MULTIACTIVA DE SEGURIDAD SOCIAL COMSES,13504119885.61,3951498841.31
16546,FONDO DE EMPLEADOS CLINICA MEDIHELP,37480324.65,7457.31
4193,COOPERATIVA DE EMPLEADOS DEL ISS CALDAS LTDA,8042875516.32,883309290
16520,EMPLEADOS DEL SECTOR CAFETERO DE CALDAS,1013483796,66648401
4571,COOPERATIVA MULTIACTIVA COOPERADOS Y ASOCIADOS,8109034678.93,557340769.81
3204,COOPERATIVA MULTIACTIVA DE APORTE Y CREDITO CRECIENDO,15780360523.7,2945606125.49
6254,COOPERATIVA DE TRABAJADORES DE LA EDUCACION DEL CESAR,15411596566.87,1649128530.38
5908,COOPERATIVA INTEGRAL DE TRABAJADORES RELACIONADOS CON LA MINERIA,11852897446.6,1854573417.63
3550,COOPERATIVA DE LOS EDUCADORES DE CORDOBA LTDA,44152055238.78,6234261102.22
5148,COOPERATIVA DE EMPLEADOS DEL SECTOR SALUD COOPEMHOS,6074573332,621827400
1258,COOPERATIVA DE EMPLEADOS DE ITALCOL  ITALCOOP,27106184333.94,12481895167.89
802,COOPERATIVA DE TRABAJADORES DE COLCERAMICA CORONA DE BOGOTA Y CUNDINAMARCA,7185701303.77,937637039.8
114,COOPERATIVA MULTIACTIVA LOS TRABAJADORES Y PENSIONADOS DE ECOPETROL,4257300544.68,343801582.48
11,COOPERATIVA MULTIACTIVA SALINAS DE COLOMBIA-COOPSALINAS,8684772239.19,674080639.39
7154,COOPERATIVA DEL MAGISTERIO DEL CHOCO,18073980086.14,4461328254.52
4959,COOPERATIVA DE EMPLEADOS DE LA EDUCACION DE FONSECA Y EL SUR DE LA GUAJIRA,10653205206,897985771
2978,COOPERATIVA DE LOS PENSIONADOS DEL TERMINAL MARITIMO DE SANTA MARTA,6187924637.72,403983927
1795,COOPERATIVA DE PRODUCTORES Y COMERCIANTES DE LOS LLANOS,605535771,133634128
3431,COOPERATIVA DE TRABAJADORES Y JUBILADOS DEL MUNICIPIO DE PASTO LTDA.,9292946034,709967485.29
5135,COOPERATIVA INTEGRAL DE LA FAMILIA CRISTIANA BETHEL,5918504474,948530126
3193,COOPERATIVA MULTIACTIV DE TRABAJADORES DEL NORTE DE SANTANDER LTDA.,12964608111,1252238125
3263,COOPERATIVA MULTIACTIVA COOHEM,16853690536.03,1622942934.53
3234,COOPERATIVA MULTIACTIVA DE EMP. OFI UNIVERSIDAD Y PROVINCIA DE PAMPLONA,11420266647,4410202217
1772,COOPERATIVA DEL MAGISTERIO DEL RISARALDA,28446584848.37,3492560161.61
4039,COOPERATIVA MULTIACTIVA DE APORTES Y CREDITO COOPISS COLOMBIA,17399196623.73,1624553373.47
3093,COOPERATIVA DE PENSIONADOS Y EXTRABAJADORES DEL ISS SANTANDER,9393756649.48,760897853
3442,COOPERATIVA MULTIACTIVA DE TELECOMUNICACIONES LTDA,12229550147.51,1139564848.61
3046,COOPERATIVA DE APORTE Y CR??DITO SANDERCOOP O.C.,8712529361.82,1208864369.59
9152,COOPERATIVA DE CREDITO Y SERVICIO COMUNIDAD,13396945445,4699788828
13356,COOPERATIVA DE APORTE Y CREDITO MUTUAL  COOPMUTUAL,5040045629.57,1785009358.27
3065,COOPERATIVA DE APORTES Y CR??DITO DEL MAGISTERIO,6014366116,728733630
2517,COOPERATIVA DE LOS TRABAJ.DE LA EDUCAC.OFICIAL DEL TOLIMA,13497891722.72,1332935899.31
2132,LA COOPERATIVA DE TRABAJADORES DE EMPRESAS MUNICIPALES DE CALI Y OTROS,68442974257,7052394111
2174,COOPERATIVA FERROVIARIA DEL PACIFICO,6112975160.12,499252826.1
2148,COOPERATIVA DE TRABAJADORES COOPETRAFES,8555839508.22,1251658093
2097,COOPERATIVA MULTIACTIVA COOADAMS,11483646463.72,1303043118.37
2094,COOPERATIVA DE TRABAJADORES DE LA FUNDACION VALLE DE LILI,6887359110.12,776958320.78
9530,COOPERATIVA MULTIACTIVA DE APORTE Y CREDITO SOLIDARIOS,23507898636.44,3984863414.73
2187,NUESTRA COOPERATIVA,2224022513,394381590
3364,COOPERATIVA DE TRABAJADORES DE LA EDUCACION DEL DEPARTAMENTO DE ARAUCA COOPEDAR O.E.S.,6853840427.23,383709519.81
3361,COOPERATIVA MULTIACTIVA DEL EDUCADOR PUTUMAYENSE,4251487891.58,589786609.54
8022,COOPERATIVA DE EDUCADORES DEL GUAINIA LTDA,2226109970.29,426983642
4336,COOPERATIVA DE EDUCADORES Y TRABAJADORES DEL GUAVIARE,5800662433.41,454080354.06
1002,FONDO DE DESARROLLO DE LA EDUCACION SUPERIOR,23835958404,1254639066
1435,COOPERATIVA MULTIACTIVA UNIVERSITARIA NACIONAL,74531479115,10620430775
11220,COOPERATIVA DE APORTE Y CREDITO DEL SECTOR GANADERO Y AFINES,5143598397.98,438946567.38
915,SUMA SOCIEDAD COOPERATIVA LTDA,28660128949,5623059078
1116,COOPERATIVA DE PROFESORES Y EMPLEADOS DE LA UNIVERSIDAD AUTONOMA DE CO,5065550418.73,756856981.88
974,ORGANISMO COOPERATIVO MICROEMPRESARAL DE COLOMBIA,16355796313.33,2223333153.38
2721,COOPERATIVA MULTIACTIVA DE TRAB.DE LA I.L.C DE CALDAS,8234615047.28,401659592.28
3207,COOPERATIVA DEL DEPARTAMENTO DEL CAUCA,19578481022.34,2971720316
1891,COOPERATIVA DE TRABAJADORES DE LA ELECTRIFICADORA DEL META S.A.,5234094821.39,1495191988.96
4063,COOPERATIVA DEL MUNICIPIO DE PEREIRA Y DEPARTAMENTO DE RISARALDA,54308820619.99,6232804355.08
1968,"COOPERATIVA MULTIACTIVA DE TRABAJADORES, JUBILADOS Y PENSIONADOS DEL SECTOR PUBLICO Y PRIVADO",8883190278.43,892355325.37
8402,COOPERATIVA AMIGOS SIGLO XXI,6123999211.39,1011654017
8890,COOPERATIVA MULTIACTIVA DE ACTIVOS Y FINANZAS,219945426.7,58198706
3096,COOPERATIVA DE ESTUDIANTES Y EGRESADOS UNIVERSITARIOS,47446114423,9321556366
2103,COOPERATIVA DE APORTES Y CREDITOS DE LOS TRABAJADORES DE LAS EMPRESAS MUNICIPALES DE TULUA,24932384670.35,2687098094.83
256,COOPERATIVA MULTIACTIVA DE EMPLEADOS DE COSMETICOS Y POPULARES,18416896056.29,1659850480.08
1878,COOPERATIVA MULTISERVICIOS COOTRACOLTA,7670108249.7,639563874.28
1601,PRECOOPERATIVA DE COMERCIANTES DE LA PLAZA MINORISTA,5975959561.57,17153750437.3
403,COOPERATIVA DE TRABAJO ASOCIADO DE PRODUCCION COMERCIALIZACION Y SERVICIOS,34064392480.78,1512364029.08
9951,COOPERATIVA DE TRABAJO ASOCIADO DE SERVICIOS INTEGRALES,256954997,589010291
3899,COOPERATIVA DE TECNICOS E INGENIEROS DE LA INDUSTRIA DEL PETROLEO Y AFINES LTDA.,16119225886,24618138613
16060,VIAJEMOS COOPTRAISS,9679229527.46,719672918.07
1468,COOPERATIVA DE TRABAJO ASOCIADO SERCONAL,8733195504.72,4348366952.15
13608,COOPERATIVA DE TRABAJO ASOCIADO ALTERNATIVA EFICIENTE,165139509.86,576354100.16
3522,COOPERATIVA DE DESARROLLO Y EMPLEO SOCIAL,6751617692.28,17422353751
2715,COOPERATIVA DE TRABAJO ASOCIADO DEL MENOR TRABAJADOR,326155558,1085143684
9704,I.A.C  ACCION Y PROGRESSO,77409794128.95,1282463093.81
1588,COOPERATIVA BOLIVARENSE DE LAS FF.MM EN RETIRO,6049820258.93,467495875.84
684,COOPERATIVA DE EDUCACION DE CAMPESINOS DE COGUA LTDA,8372116635.26,517308247.5
1812,COOPERATVA DE MILITARES EN RETIRO DE ANTIOQUIA,14742498682.55,2445687624.32
1817,COOPERATIVA DE EDUCACION DE URABA,33454447145.4,3045299152.49
1449,COOPERATIVA MULTIACTIVA PARA LA EDUCACION DE ITAGUI,7654111723.15,17449685509.13
2351,COOPERATIVA DE EDUCACION REYES PATRIA,7325841079.37,3509675840.96
1110,COOPERATIVA DE EDUCACION Y OTROS SERVICIOS DE FUNZA,14386598474.39,1419431172
3841,COOPERATIVA ESPECIALIZADA DE EDUCACION DE COMFENALCO DE SANTANDER,9190441791.45,5501493062.33
3107,COOPERATIVA SANTANDER MILITARES EN RETIRO LTDA.,13926661131,1742176230
3392,COOPERATIVA MULTIACTIVA NACIONAL DE  CAMPOHERMOSO LTDA890.203.382-1,8616294572,1073715472
13558,INSTITUTO DE FORMACI??N Y DESARROLLO SOCIAL COOMULDESA,7760768407.24,3023941192.66
376,CENTRAL COOPERATIVA DE EDUCACION,9615978723.61,1901563651.44
2913,ACOOLSURE ATLANTICO,8276156145.94,2447405105.54
10512,COOPERATIVA DE TRABAJO ASOCIADO COOMEDICA C.T.A.,2425273861.97,486894193
1361,COOPERATIVA ODONTOLOGICA DE ANTIOQUIA LTDA. COODAN,607680891.47,6566327
12702,COOPERATIVA UNIDA MULTIACTIVA DE NARI??O,7620703547.49,1422486464.29
1694,ASOCIACION COOPERATIVA DE TRABAJADORES DE LA EDUCACION DE RISARALDA,5600550252.22,816110787.35
9814,COOPERATIVA DE TRABAJO ASOCIADO LA COMUNA,4070583138,3822964238
438,COOPERATIVA MULTIACTIVA DE ALMACENESUNIDOS SANADRESITO,11745355080,922406216
8456,COOPERATIVA MULTIACTIVA MINUTO DE DIOS,48375483009.47,18385883651.74
699,COOPERATIVA MULTIACTIVA DE SERVICIOS COMPLEMENTARIOS LAS QUINTAS,13509859398.84,1498717339.07
340,COOPERATIVA MULTIACTIVA DE EMPLEADOS DE LA CONTRALORIA GENERAL DE LA REPUBLICA,7140712878.13,395004663.53
2700,COOPERATIVA DE EMPLEADOS Y OBREROS DEL DEPARTAMENTO DE CALDAS,41669419680,3459019693
1855,COOPERATVA DE PROFESORES UIS LTDA.,20038461440.52,1421855237.93
1880,COOPERATIVA DE DESARROLLO TECNOLOGICO DEL ORIENTE COL,8453846151.81,1617559915.07
3097,EMPRESA COOPERATIVA DE LA INDUSTRIA DEL PETROLEO COLOMBIANO,12663225547.79,1251633143.64
13036,COOPERATIVA DE TRABAJO ASOCIADO RECURSOS CTA,126665086.09,1131324028.83
1324,COOPERATIVA DE ASESORES EN INVERSIONES COOASESORES,11132925423,18936954113
15628,PRECOOPERATIVA KONECTAR,3326222223,4426891379
16259,COOPRUDEA SOCIAL IAC,299837799,573690166
5982,COOPERATIVA DE TRABAJADORES ASOCIADOS PRESTADORES DE SERVICIOS DE ASEO Y RECICLAJE,1404140794,8584790444
9135,COOPERATIVADE COMERCIANTE DEL CARIBE,10696668440,11384139324
3689,COOPERATIVA DE DISTRIBUCIONES JCH LTDA,2147297367,185006575
302,COOPERATIVA DE CREDITO Y SERVICIO BOLARQUI LTDA,11785127492.49,2638582756.13
282,COOPERATIVA MULTIACTIVA DE MILITARES EN RETIRO LTDA.,16214745143,1149699384
21,COOPERATIVA NACIONAL DE BIENESTAR FAMILIAR,14708623479,1332654376
716,COOPERATIVA DE EMPLEADOS DE LA UNIVERSIDAD JORGE TADEO LOZANO LTDA,4877710748,382250679
12241,COOPERATIVA MULTIACTIVA DE SERVICIOS PROACTIVOS,5093679578,763192334
6671,COOPERATIVA DE APORTES Y CREDITO DE AFILIADOS A ASPENCAJANAL LTDA,5594257706,530425441
15135,COOPERATIVA AMERICAN VETERINARIA,859887877,59837174
15830,COOPERATIVA DE TRABAJO ASOCIADO DE SERVICIOS DE ASEO EN GENERAL,1146423582.4,1734773442.78
2326,ORGANIZACION COOPERATIVA COOPTEBOY O.C.,9702649151,1923103177.29
2401,COOPERATIVA BOYACENSE DE PRODUCTORES DE CARBON DE SAMACA LTDA,8722480227.6,8088380346.15
7832,COOPERATIVA MULTIACTIVA DE COMERCIANTES Y PRODUCTORES AGRICOLAS DEL ORIENTE COLOMBIANO,19022347675.31,1868789201.93
2645,COOPERATIVA DE INSTITUTORES DE CALDAS,11064297414.63,841205716.02
13769,PRECOOPERATIVA PARA EL FOMENTO Y DESARROLLO DE LAS ACTIVIDADES MINERAS,9319500283,7278559531
13273,COOPERATIVA DE TRABAJO ASOCIADO,774438002,140218486
7068,COOPERATIVA MULTIACTIVA DE LA UNIVERSIDAD DE LOS LLANOS,8678072963.11,1094683744.38
8598,COOPERATIVA MULTIACTIVA DE TRABAJO ASOCIADO DE PROFESORES DEL DEPARTAMENTO DEL META,6298911226.07,871109097.16
8587,COOPERATIVA MULTIACTIVA DE EDUCADORES DEL NORTE DE SANTANDER LTDA,37329355121.86,4162925925.65
15793,COOPERATIVA MULTIACT IVA VEREDA CA??O VICTORIA SUR,75098978,106609069
2027,COOPERATIVA DE PALMICULTORES DE COLOMBIA,17343849452.23,27570029967.42
2020,COOPERATIVA DE COMERCIANTES DE SANTANDER LTDA,7887567252.1,776106273.5
15999,COOPERATIVA DE TRABAJO ASOCIADO AGROPECUARIO HORIZONTE 360,697754964,223600362
13571,COOPERATIVA DE PALMICULTORES DE SABANA DE TORRES 1,9206753085,0
2623,CASA NACIONAL DEL PROFESOR COOP. REGIONAL DE SUCRE,6932234833.22,656461320.3
2533,COOPERATIVA MULTIACTVA TOLIMENSE DE SUBOFICIALES DE LAS FUERZAS MILITARES EN RETIRO COOMUATOLSURE,63806389039.37,1148764752.96
2456,COOPERATIVA MULTIACTIVA DE APORTE Y CREDITO COOPERAMOS,17420060011,2085996090
16026,COOPERATIVA DE TRABAJO ASOCIADO LEP DE COLOMBIA,202846235,218609247
2172,COOPERATIVA MULTIACTIVA LOS FUNDADORES,5952146013.12,481698731.76
13264,COOPERATIVA DE TRABAJO ASOCIADO LOS LIBERTADORES,358022259.79,229352123.07
1422,PREVISORA SOCIAL COOPERATIVA VIVIR,36857022426.32,29021749960.07
6537,EMPRESA COTRAFA DE SERVICIOS SOCIALES,20712778682,12451797729
1589,CENTRAL COOPERATIVA DE SERVICIOS FUNERARIOS DE C/GENA,23357740159.95,12754554252.93
2858,EMPRESA COOPERATIVA FUNERARIA LTDA.,25905610541.72,10098030226.02
1885,CENTRAL COOPERATIVA DE SERVICIOS FUNERARIOS DEL LLANO,34860540039.26,18813742884.96
3283,SERVICIOS FUNERARIOS COOPERATIVOS DE NORTE DE SANTANDER,36839201323.3,22119653875.96
3384,COOPERATIVA DE SERVICIOS FUNERARIOS DE SANTANDER,26969922819,19445531398
1860,COOPERATIVA DE SERVICIOS FUNERARIOS DE BARRANCABERMEJA,13130296194.77,4809699381.15
2562,SERVICIOS FUNERARIOS COOPERATIVOS DEL TOLIMA,55794019848,15537226431
1964,"SERVIVIR, GRUPO EMPRESARIAL DE LA ECONOMIA SOLIDARIA",7383261294.96,3076978760.8
3965,COOPERATIVA DE CREDITO JOYSMACOOL,2575810191,169321937
2704,COOPERATIVA DE COMUNICACIONES DE CALDAS LTDA,6125211125,408938986
3261,COOPERATIVA MULTIACTIVA   DEL MAGISTERIO PARA EL DESARROLLO DEL NORTE,6812230640,717581809
12341,COOPERATIVA DE TRABAJO ASOCIADO CONTRIBUIR EMPRESARIAL,501492628.52,1526848464.49
2516,COOPERATIVA DE CAFICULTORES DEL TOLIMA LTDA.,9775361041,423363158
15102,COOPERATIVA MULTIACTIVA PROVITEC,10541228450,32725299376
16267,INSTITUCION AUXILIAR DEL COOPERATIVISMO CHIMINIGAGUA,24069873111.97,1541611336.22
522,"COOPERATIVA MULTIACTIVA NACIONAL DE TRABAJADORES DE LA INDUSTRIA GASTRONOMICA,HOTELERA Y SIMILARES DE COLOMBIA",7056168350.11,868290830.17
