"id_transaccion","productos"
1,"Compás, Cartulina, Colores, Resaltador, Papel bond, Bolígrafo, Marcadores, Pegante"
2,"Cinta adhesiva, Colores, Agenda, Tijeras, Calculadora, Resaltador"
3,"Carpeta, Papel bond, Tijeras"
4,"Cartulina, Libro escolar, Colores, Portaminas, Pegante, Carpeta, Agenda"
5,"Compás, Papel bond, Calculadora, Carpeta, Tijeras"
6,"Papel bond, Carpeta"
7,"Marcadores, Bolígrafo, Agenda, Mochila, Regla, Compás"
8,"Corrector, Cuaderno, Marcadores, Compás, Tijeras, Portaminas"
9,"Borrador, Marcadores, Pegante"
10,"Carpeta, Borrador, Portaminas, Corrector, Bolígrafo, Libro escolar, Calculadora"
11,"Cartulina, Colores, Resaltador, Mochila, Borrador, Cinta adhesiva"
12,"Colores, Resaltador, Cinta adhesiva, Carpeta, Cartulina"
13,"Compás, Agenda, Mochila, Papel bond, Bolígrafo, Portaminas, Regla, Borrador"
14,"Regla, Colores, Portaminas"
15,"Colores, Resaltador, Mochila, Cinta adhesiva, Cartulina, Portaminas, Corrector"
16,"Pegante, Carpeta"
17,"Compás, Marcadores, Colores, Carpeta, Pegante, Papel bond"
18,"Marcadores, Borrador, Pegante, Libro escolar, Regla, Colores"
19,"Cartulina, Carpeta, Tijeras, Cinta adhesiva, Bolígrafo"
20,"Cartulina, Compás, Carpeta, Libro escolar, Cuaderno, Mochila"
21,"Cinta adhesiva, Borrador, Pegante, Cartulina, Libro escolar, Mochila, Resaltador"
22,"Libro escolar, Regla, Portaminas, Papel bond, Pegante, Cinta adhesiva"
23,"Mochila, Colores, Calculadora, Bolígrafo"
24,"Calculadora, Colores, Marcadores, Mochila"
25,"Libro escolar, Calculadora, Colores, Borrador, Carpeta"
26,"Cuaderno, Mochila, Cartulina, Papel bond, Tijeras, Corrector"
27,"Tijeras, Carpeta, Cartulina"
28,"Papel bond, Pegante, Cuaderno"
29,"Cartulina, Papel bond"
30,"Calculadora, Pegante, Cartulina, Carpeta, Tijeras, Portaminas"
31,"Cinta adhesiva, Tijeras, Cartulina"
32,"Colores, Cinta adhesiva, Marcadores, Cuaderno, Papel bond, Borrador"
33,"Portaminas, Carpeta"
34,"Tijeras, Marcadores, Corrector, Portaminas, Borrador"
35,"Cinta adhesiva, Resaltador, Colores, Cuaderno, Bolígrafo, Libro escolar"
36,"Cuaderno, Agenda, Mochila"
37,"Calculadora, Corrector, Papel bond, Marcadores, Carpeta, Cinta adhesiva, Tijeras, Cuaderno"
38,"Calculadora, Mochila, Carpeta, Portaminas, Cuaderno, Bolígrafo"
39,"Bolígrafo, Calculadora"
40,"Resaltador, Corrector"
41,"Agenda, Regla, Calculadora"
42,"Marcadores, Papel bond, Cartulina"
43,"Borrador, Cinta adhesiva, Resaltador, Libro escolar, Pegante, Cartulina, Corrector"
44,"Resaltador, Borrador, Bolígrafo, Compás, Carpeta, Cinta adhesiva"
45,"Carpeta, Tijeras"
46,"Bolígrafo, Regla, Tijeras, Pegante, Carpeta"
47,"Agenda, Pegante, Cuaderno, Regla, Bolígrafo, Cinta adhesiva"
48,"Regla, Resaltador"
49,"Corrector, Compás, Resaltador, Portaminas, Marcadores, Papel bond, Mochila"
50,"Calculadora, Marcadores, Tijeras"
51,"Papel bond, Portaminas, Corrector, Mochila, Resaltador, Cinta adhesiva, Carpeta, Pegante"
52,"Regla, Bolígrafo"
53,"Calculadora, Cinta adhesiva, Papel bond, Borrador"
54,"Libro escolar, Corrector, Cuaderno, Borrador, Regla, Cartulina"
55,"Bolígrafo, Corrector, Regla, Compás, Resaltador"
56,"Marcadores, Borrador, Compás, Resaltador, Colores, Cuaderno"
57,"Borrador, Pegante"
58,"Regla, Calculadora, Papel bond, Corrector, Mochila"
59,"Carpeta, Corrector, Portaminas, Tijeras, Agenda"
60,"Regla, Mochila, Corrector, Agenda"
61,"Corrector, Marcadores, Papel bond, Tijeras, Pegante, Carpeta"
62,"Regla, Cartulina, Libro escolar, Resaltador, Colores, Mochila, Marcadores"
63,"Papel bond, Borrador, Cartulina, Cinta adhesiva, Tijeras"
64,"Cartulina, Libro escolar, Tijeras, Cinta adhesiva, Compás, Portaminas, Marcadores"
65,"Portaminas, Carpeta, Compás, Agenda, Colores, Marcadores"
66,"Compás, Borrador, Mochila, Agenda, Carpeta, Libro escolar, Regla, Tijeras"
67,"Pegante, Cartulina, Papel bond, Bolígrafo"
68,"Marcadores, Colores"
69,"Marcadores, Corrector, Bolígrafo, Mochila, Pegante, Agenda, Tijeras"
70,"Cartulina, Mochila, Papel bond, Agenda, Cuaderno, Carpeta, Marcadores, Cinta adhesiva"
71,"Marcadores, Compás, Portaminas, Resaltador, Regla"
72,"Cinta adhesiva, Cuaderno, Agenda, Pegante, Compás, Libro escolar, Bolígrafo, Carpeta"
73,"Papel bond, Cartulina, Portaminas, Carpeta"
74,"Marcadores, Regla, Libro escolar, Bolígrafo, Mochila, Corrector"
75,"Pegante, Cuaderno, Corrector, Borrador, Resaltador, Cartulina, Colores"
76,"Bolígrafo, Mochila, Colores"
77,"Calculadora, Carpeta"
78,"Resaltador, Borrador, Cuaderno, Regla, Cartulina, Bolígrafo"
79,"Colores, Mochila, Agenda, Portaminas, Papel bond, Pegante"
80,"Pegante, Libro escolar"
81,"Mochila, Compás, Libro escolar, Calculadora, Resaltador, Carpeta"
82,"Marcadores, Calculadora"
83,"Portaminas, Marcadores, Papel bond"
84,"Marcadores, Tijeras, Mochila, Cuaderno, Borrador, Cinta adhesiva"
85,"Mochila, Colores, Regla"
86,"Mochila, Tijeras, Cinta adhesiva"
87,"Tijeras, Cuaderno"
88,"Mochila, Bolígrafo, Cuaderno, Tijeras"
89,"Carpeta, Calculadora, Colores, Borrador, Cinta adhesiva, Libro escolar, Cartulina, Regla"
90,"Calculadora, Papel bond"
91,"Tijeras, Regla, Mochila, Carpeta, Cinta adhesiva, Compás, Resaltador"
92,"Pegante, Carpeta"
93,"Resaltador, Marcadores, Carpeta, Libro escolar"
94,"Portaminas, Borrador, Mochila"
95,"Resaltador, Regla, Colores, Agenda, Corrector, Cartulina"
96,"Tijeras, Cuaderno, Colores, Agenda, Bolígrafo, Cartulina, Regla"
97,"Libro escolar, Pegante, Agenda, Cinta adhesiva, Resaltador"
98,"Cuaderno, Carpeta, Agenda, Tijeras"
99,"Portaminas, Agenda"
100,"Bolígrafo, Corrector, Libro escolar, Papel bond, Compás"
101,"Mochila, Cuaderno, Pegante, Agenda, Corrector, Compás, Tijeras, Cinta adhesiva"
102,"Compás, Cinta adhesiva, Regla"
103,"Libro escolar, Resaltador"
104,"Libro escolar, Mochila, Agenda, Marcadores, Cinta adhesiva, Resaltador, Pegante, Papel bond"
105,"Agenda, Pegante, Papel bond, Compás, Resaltador, Regla"
106,"Papel bond, Calculadora, Resaltador, Cinta adhesiva, Borrador, Mochila, Regla, Portaminas"
107,"Carpeta, Marcadores, Portaminas, Cuaderno, Agenda, Papel bond, Calculadora, Compás"
108,"Compás, Cinta adhesiva, Mochila"
109,"Bolígrafo, Marcadores, Colores, Compás"
110,"Tijeras, Compás, Borrador, Mochila"
111,"Tijeras, Borrador, Cinta adhesiva, Bolígrafo, Mochila, Corrector"
112,"Pegante, Libro escolar, Carpeta, Cinta adhesiva"
113,"Cuaderno, Pegante, Marcadores, Papel bond, Tijeras, Bolígrafo, Resaltador"
114,"Bolígrafo, Mochila, Calculadora, Cartulina"
115,"Marcadores, Portaminas, Colores"
116,"Calculadora, Mochila, Marcadores, Pegante, Papel bond, Cuaderno, Carpeta, Colores"
117,"Cartulina, Portaminas, Mochila, Compás, Colores"
118,"Portaminas, Cuaderno, Corrector, Papel bond, Cinta adhesiva, Agenda, Tijeras"
119,"Cartulina, Corrector, Cinta adhesiva, Regla, Portaminas, Borrador, Agenda, Calculadora"
120,"Cinta adhesiva, Papel bond, Agenda, Bolígrafo, Portaminas"
121,"Calculadora, Pegante, Marcadores, Papel bond, Tijeras"
122,"Cartulina, Mochila, Calculadora, Cuaderno"
123,"Pegante, Borrador, Agenda"
124,"Libro escolar, Resaltador, Compás, Papel bond, Carpeta, Portaminas"
125,"Bolígrafo, Corrector, Cartulina, Resaltador, Mochila, Colores, Tijeras, Cuaderno"
126,"Mochila, Cuaderno, Tijeras, Resaltador, Corrector, Bolígrafo, Pegante, Libro escolar"
127,"Pegante, Corrector, Colores, Resaltador, Regla"
128,"Resaltador, Colores, Carpeta, Compás, Corrector, Borrador, Mochila, Cartulina"
129,"Agenda, Portaminas"
130,"Papel bond, Regla, Mochila, Borrador, Carpeta, Portaminas, Cuaderno"
131,"Pegante, Resaltador, Portaminas, Cartulina, Colores, Agenda, Carpeta"
132,"Mochila, Papel bond, Corrector"
133,"Tijeras, Resaltador"
134,"Borrador, Resaltador, Cartulina, Calculadora, Libro escolar, Compás"
135,"Cartulina, Calculadora, Regla, Cinta adhesiva, Portaminas, Resaltador, Carpeta, Libro escolar"
136,"Calculadora, Regla, Mochila, Marcadores, Corrector, Pegante"
137,"Regla, Borrador, Compás, Cuaderno, Marcadores, Cinta adhesiva, Papel bond, Cartulina"
138,"Libro escolar, Tijeras, Agenda"
139,"Tijeras, Cartulina, Resaltador, Bolígrafo"
140,"Regla, Compás, Portaminas, Resaltador, Calculadora, Carpeta, Borrador, Colores"
141,"Bolígrafo, Tijeras, Compás, Cuaderno, Papel bond, Cartulina, Corrector"
142,"Corrector, Regla, Marcadores, Carpeta, Calculadora, Papel bond, Bolígrafo, Colores"
143,"Carpeta, Marcadores, Libro escolar, Resaltador, Colores, Pegante, Portaminas"
144,"Borrador, Papel bond, Regla, Resaltador, Cuaderno, Corrector, Cinta adhesiva"
145,"Libro escolar, Cartulina"
146,"Corrector, Compás, Calculadora, Colores, Portaminas, Carpeta"
147,"Regla, Corrector, Carpeta"
148,"Libro escolar, Cinta adhesiva, Resaltador"
149,"Pegante, Cartulina"
150,"Borrador, Compás, Pegante, Marcadores, Cinta adhesiva, Cartulina, Agenda"
